ISO-10303-21;
HEADER;
/* Generated by software containing ST-Developer
 * from STEP Tools, Inc. (www.steptools.com) 
 */

FILE_DESCRIPTION(
/* description */ (''),
/* implementation_level */ '2;1');

FILE_NAME(
/* name */ 'keyboard case.step',
/* time_stamp */ '2026-05-02T12:56:03+10:00',
/* author */ (''),
/* organization */ (''),
/* preprocessor_version */ 'ST-DEVELOPER v20.1',
/* originating_system */ 'Autodesk Translation Framework v15.8.0.0',
/* authorisation */ '');

FILE_SCHEMA (('AUTOMOTIVE_DESIGN { 1 0 10303 214 3 1 1 }'));
ENDSEC;

DATA;
#10=MECHANICAL_DESIGN_GEOMETRIC_PRESENTATION_REPRESENTATION('',(#13),#4782);
#11=SHAPE_REPRESENTATION_RELATIONSHIP('SRR','None',#4788,#12);
#12=ADVANCED_BREP_SHAPE_REPRESENTATION('',(#14),#4781);
#13=STYLED_ITEM('',(#4797),#14);
#14=MANIFOLD_SOLID_BREP('Body1',#2475);
#15=(
BOUNDED_SURFACE()
B_SPLINE_SURFACE(2,2,((#3956,#3957,#3958),(#3959,#3960,#3961),(#3962,#3963,
#3964)),.UNSPECIFIED.,.F.,.F.,.F.)
B_SPLINE_SURFACE_WITH_KNOTS((3,3),(3,3),(-1.57079632679524,0.),(-3.14159265358979,
-1.5707963267949),.UNSPECIFIED.)
GEOMETRIC_REPRESENTATION_ITEM()
RATIONAL_B_SPLINE_SURFACE(((1.,0.707106781186548,1.),(0.707106781186333,
0.499999999999848,0.707106781186333),(1.,0.707106781186548,1.)))
REPRESENTATION_ITEM('')
SURFACE()
);
#16=(
BOUNDED_SURFACE()
B_SPLINE_SURFACE(2,2,((#3994,#3995,#3996),(#3997,#3998,#3999),(#4000,#4001,
#4002)),.UNSPECIFIED.,.F.,.F.,.F.)
B_SPLINE_SURFACE_WITH_KNOTS((3,3),(3,3),(-1.57079632679524,0.),(-1.5707963267949,
0.),.UNSPECIFIED.)
GEOMETRIC_REPRESENTATION_ITEM()
RATIONAL_B_SPLINE_SURFACE(((1.,0.707106781186548,1.),(0.707106781186333,
0.499999999999848,0.707106781186333),(1.,0.707106781186548,1.)))
REPRESENTATION_ITEM('')
SURFACE()
);
#17=PLANE('',#2516);
#18=PLANE('',#2520);
#19=PLANE('',#2537);
#20=PLANE('',#2544);
#21=PLANE('',#2545);
#22=PLANE('',#2577);
#23=PLANE('',#2578);
#24=PLANE('',#2580);
#25=PLANE('',#2604);
#26=PLANE('',#2607);
#27=PLANE('',#2610);
#28=PLANE('',#2613);
#29=PLANE('',#2630);
#30=PLANE('',#2631);
#31=PLANE('',#2646);
#32=PLANE('',#2665);
#33=PLANE('',#2666);
#34=PLANE('',#2675);
#35=PLANE('',#2677);
#36=PLANE('',#2680);
#37=PLANE('',#2691);
#38=PLANE('',#2694);
#39=PLANE('',#2699);
#40=PLANE('',#2713);
#41=PLANE('',#2716);
#42=PLANE('',#2717);
#43=PLANE('',#2742);
#44=PLANE('',#2778);
#45=PLANE('',#2780);
#46=PLANE('',#2782);
#47=PLANE('',#2783);
#48=PLANE('',#2784);
#49=PLANE('',#2785);
#50=PLANE('',#2789);
#51=PLANE('',#2791);
#52=ELLIPSE('',#2511,2.82842712474618,2.);
#53=ELLIPSE('',#2512,2.2360679774998,2.);
#54=ELLIPSE('',#2513,2.23606797749979,2.);
#55=ELLIPSE('',#2531,2.12132034355966,1.5);
#56=ELLIPSE('',#2548,0.353553390593272,0.25);
#57=ELLIPSE('',#2551,0.353553390593272,0.25);
#58=ELLIPSE('',#2576,2.23606797749982,2.);
#59=ELLIPSE('',#2633,2.23606797749981,2.);
#60=ELLIPSE('',#2635,2.23606797749979,2.);
#61=ELLIPSE('',#2638,2.2360679774998,2.);
#62=ELLIPSE('',#2640,2.23606797749979,2.);
#63=ELLIPSE('',#2641,2.23606797749979,2.);
#64=ELLIPSE('',#2661,2.12132034355965,1.5);
#65=ELLIPSE('',#2663,2.12132034355965,1.5);
#66=ELLIPSE('',#2670,2.12132034355964,1.5);
#67=ELLIPSE('',#2679,0.707106781186543,0.5);
#68=ELLIPSE('',#2729,3.53553390593274,2.5);
#69=ELLIPSE('',#2731,3.53553390593274,2.5);
#70=ELLIPSE('',#2749,3.53553390593274,2.5);
#71=ELLIPSE('',#2777,3.53553390593274,2.5);
#72=B_SPLINE_SURFACE_WITH_KNOTS('',3,3,((#3673,#3674,#3675,#3676,#3677,
#3678,#3679,#3680),(#3681,#3682,#3683,#3684,#3685,#3686,#3687,#3688),(#3689,
#3690,#3691,#3692,#3693,#3694,#3695,#3696),(#3697,#3698,#3699,#3700,#3701,
#3702,#3703,#3704),(#3705,#3706,#3707,#3708,#3709,#3710,#3711,#3712)),
 .UNSPECIFIED.,.F.,.F.,.F.,(4,1,4),(4,1,1,1,1,4),(0.,0.5,1.),(0.0589059952327936,
0.0827168268390455,0.130338490051549,0.177960153264053,0.201770984870305,
0.225581816476557),.UNSPECIFIED.);
#73=B_SPLINE_SURFACE_WITH_KNOTS('',3,3,((#3793,#3794,#3795,#3796,#3797),
(#3798,#3799,#3800,#3801,#3802),(#3803,#3804,#3805,#3806,#3807),(#3808,
#3809,#3810,#3811,#3812),(#3813,#3814,#3815,#3816,#3817)),.UNSPECIFIED.,
 .F.,.F.,.F.,(4,1,4),(4,1,4),(0.,0.5,1.),(0.,0.0524324979903094,0.104864995980619),
 .UNSPECIFIED.);
#74=B_SPLINE_SURFACE_WITH_KNOTS('',3,3,((#4149,#4150,#4151,#4152,#4153,
#4154),(#4155,#4156,#4157,#4158,#4159,#4160),(#4161,#4162,#4163,#4164,#4165,
#4166),(#4167,#4168,#4169,#4170,#4171,#4172),(#4173,#4174,#4175,#4176,#4177,
#4178)),.UNSPECIFIED.,.F.,.F.,.F.,(4,1,4),(4,1,1,4),(0.,0.571428571428571,
1.),(-1.5707963267949,-0.897597901025655,-0.448798950512828,-6.93889390390723E-17),
 .UNSPECIFIED.);
#75=B_SPLINE_SURFACE_WITH_KNOTS('',3,3,((#4182,#4183,#4184,#4185,#4186,
#4187),(#4188,#4189,#4190,#4191,#4192,#4193),(#4194,#4195,#4196,#4197,#4198,
#4199),(#4200,#4201,#4202,#4203,#4204,#4205),(#4206,#4207,#4208,#4209,#4210,
#4211)),.UNSPECIFIED.,.F.,.F.,.F.,(4,1,4),(4,1,1,4),(0.,0.571428571428571,
1.),(-1.5707963267949,-0.897597901025655,-0.448798950512828,-2.08166817117217E-16),
 .UNSPECIFIED.);
#76=B_SPLINE_SURFACE_WITH_KNOTS('',3,3,((#4213,#4214,#4215,#4216,#4217,
#4218),(#4219,#4220,#4221,#4222,#4223,#4224),(#4225,#4226,#4227,#4228,#4229,
#4230),(#4231,#4232,#4233,#4234,#4235,#4236),(#4237,#4238,#4239,#4240,#4241,
#4242)),.UNSPECIFIED.,.F.,.F.,.F.,(4,1,4),(4,1,1,4),(0.,0.571428571428571,
1.),(-1.57079632679489,-0.897597901025653,-0.448798950512826,0.),
 .UNSPECIFIED.);
#77=B_SPLINE_SURFACE_WITH_KNOTS('',3,3,((#4246,#4247,#4248,#4249,#4250,
#4251),(#4252,#4253,#4254,#4255,#4256,#4257),(#4258,#4259,#4260,#4261,#4262,
#4263),(#4264,#4265,#4266,#4267,#4268,#4269),(#4270,#4271,#4272,#4273,#4274,
#4275)),.UNSPECIFIED.,.F.,.F.,.F.,(4,1,4),(4,1,1,4),(0.,0.571428571428571,
1.),(-1.5707963267949,-0.897597901025655,-0.448798950512828,0.),
 .UNSPECIFIED.);
#78=B_SPLINE_SURFACE_WITH_KNOTS('',3,3,((#4327,#4328,#4329,#4330,#4331,
#4332,#4333,#4334,#4335,#4336),(#4337,#4338,#4339,#4340,#4341,#4342,#4343,
#4344,#4345,#4346),(#4347,#4348,#4349,#4350,#4351,#4352,#4353,#4354,#4355,
#4356),(#4357,#4358,#4359,#4360,#4361,#4362,#4363,#4364,#4365,#4366),(#4367,
#4368,#4369,#4370,#4371,#4372,#4373,#4374,#4375,#4376)),.UNSPECIFIED.,.F.,
 .F.,.F.,(4,1,4),(4,1,1,1,1,1,1,4),(0.,0.571428571428571,1.),(-0.57757922386264,
-0.553584074133843,-0.549584882512377,-0.545585690890911,-0.537587307647979,
-0.529588924405047,-0.525589732783581,-0.521590541162115),.UNSPECIFIED.);
#79=LINE('',#3627,#246);
#80=LINE('',#3628,#247);
#81=LINE('',#3640,#248);
#82=LINE('',#3641,#249);
#83=LINE('',#3650,#250);
#84=LINE('',#3652,#251);
#85=LINE('',#3653,#252);
#86=LINE('',#3655,#253);
#87=LINE('',#3656,#254);
#88=LINE('',#3660,#255);
#89=LINE('',#3661,#256);
#90=LINE('',#3759,#257);
#91=LINE('',#3767,#258);
#92=LINE('',#3771,#259);
#93=LINE('',#3775,#260);
#94=LINE('',#3778,#261);
#95=LINE('',#3787,#262);
#96=LINE('',#3820,#263);
#97=LINE('',#3835,#264);
#98=LINE('',#3845,#265);
#99=LINE('',#3848,#266);
#100=LINE('',#3866,#267);
#101=LINE('',#3869,#268);
#102=LINE('',#3882,#269);
#103=LINE('',#3885,#270);
#104=LINE('',#3888,#271);
#105=LINE('',#3893,#272);
#106=LINE('',#3895,#273);
#107=LINE('',#3899,#274);
#108=LINE('',#3901,#275);
#109=LINE('',#3902,#276);
#110=LINE('',#3904,#277);
#111=LINE('',#3906,#278);
#112=LINE('',#3908,#279);
#113=LINE('',#3910,#280);
#114=LINE('',#3912,#281);
#115=LINE('',#3916,#282);
#116=LINE('',#3920,#283);
#117=LINE('',#3924,#284);
#118=LINE('',#3928,#285);
#119=LINE('',#3930,#286);
#120=LINE('',#3931,#287);
#121=LINE('',#3934,#288);
#122=LINE('',#3938,#289);
#123=LINE('',#3942,#290);
#124=LINE('',#3947,#291);
#125=LINE('',#3951,#292);
#126=LINE('',#3954,#293);
#127=LINE('',#3955,#294);
#128=LINE('',#3972,#295);
#129=LINE('',#3992,#296);
#130=LINE('',#3993,#297);
#131=LINE('',#4010,#298);
#132=LINE('',#4030,#299);
#133=LINE('',#4031,#300);
#134=LINE('',#4035,#301);
#135=LINE('',#4038,#302);
#136=LINE('',#4041,#303);
#137=LINE('',#4043,#304);
#138=LINE('',#4045,#305);
#139=LINE('',#4047,#306);
#140=LINE('',#4048,#307);
#141=LINE('',#4051,#308);
#142=LINE('',#4055,#309);
#143=LINE('',#4056,#310);
#144=LINE('',#4061,#311);
#145=LINE('',#4070,#312);
#146=LINE('',#4078,#313);
#147=LINE('',#4086,#314);
#148=LINE('',#4091,#315);
#149=LINE('',#4094,#316);
#150=LINE('',#4097,#317);
#151=LINE('',#4098,#318);
#152=LINE('',#4101,#319);
#153=LINE('',#4105,#320);
#154=LINE('',#4106,#321);
#155=LINE('',#4109,#322);
#156=LINE('',#4113,#323);
#157=LINE('',#4114,#324);
#158=LINE('',#4117,#325);
#159=LINE('',#4120,#326);
#160=LINE('',#4130,#327);
#161=LINE('',#4140,#328);
#162=LINE('',#4142,#329);
#163=LINE('',#4144,#330);
#164=LINE('',#4282,#331);
#165=LINE('',#4284,#332);
#166=LINE('',#4287,#333);
#167=LINE('',#4291,#334);
#168=LINE('',#4292,#335);
#169=LINE('',#4295,#336);
#170=LINE('',#4325,#337);
#171=LINE('',#4326,#338);
#172=LINE('',#4391,#339);
#173=LINE('',#4393,#340);
#174=LINE('',#4396,#341);
#175=LINE('',#4398,#342);
#176=LINE('',#4400,#343);
#177=LINE('',#4412,#344);
#178=LINE('',#4415,#345);
#179=LINE('',#4425,#346);
#180=LINE('',#4429,#347);
#181=LINE('',#4446,#348);
#182=LINE('',#4485,#349);
#183=LINE('',#4487,#350);
#184=LINE('',#4490,#351);
#185=LINE('',#4493,#352);
#186=LINE('',#4495,#353);
#187=LINE('',#4508,#354);
#188=LINE('',#4510,#355);
#189=LINE('',#4512,#356);
#190=LINE('',#4525,#357);
#191=LINE('',#4538,#358);
#192=LINE('',#4539,#359);
#193=LINE('',#4542,#360);
#194=LINE('',#4546,#361);
#195=LINE('',#4548,#362);
#196=LINE('',#4549,#363);
#197=LINE('',#4558,#364);
#198=LINE('',#4561,#365);
#199=LINE('',#4581,#366);
#200=LINE('',#4582,#367);
#201=LINE('',#4584,#368);
#202=LINE('',#4587,#369);
#203=LINE('',#4594,#370);
#204=LINE('',#4598,#371);
#205=LINE('',#4601,#372);
#206=LINE('',#4603,#373);
#207=LINE('',#4606,#374);
#208=LINE('',#4616,#375);
#209=LINE('',#4618,#376);
#210=LINE('',#4629,#377);
#211=LINE('',#4634,#378);
#212=LINE('',#4635,#379);
#213=LINE('',#4637,#380);
#214=LINE('',#4641,#381);
#215=LINE('',#4643,#382);
#216=LINE('',#4647,#383);
#217=LINE('',#4648,#384);
#218=LINE('',#4667,#385);
#219=LINE('',#4671,#386);
#220=LINE('',#4673,#387);
#221=LINE('',#4674,#388);
#222=LINE('',#4678,#389);
#223=LINE('',#4684,#390);
#224=LINE('',#4688,#391);
#225=LINE('',#4690,#392);
#226=LINE('',#4701,#393);
#227=LINE('',#4709,#394);
#228=LINE('',#4718,#395);
#229=LINE('',#4719,#396);
#230=LINE('',#4724,#397);
#231=LINE('',#4725,#398);
#232=LINE('',#4737,#399);
#233=LINE('',#4738,#400);
#234=LINE('',#4740,#401);
#235=LINE('',#4741,#402);
#236=LINE('',#4746,#403);
#237=LINE('',#4747,#404);
#238=LINE('',#4754,#405);
#239=LINE('',#4756,#406);
#240=LINE('',#4760,#407);
#241=LINE('',#4766,#408);
#242=LINE('',#4770,#409);
#243=LINE('',#4773,#410);
#244=LINE('',#4774,#411);
#245=LINE('',#4776,#412);
#246=VECTOR('',#2812,10.);
#247=VECTOR('',#2813,10.);
#248=VECTOR('',#2826,10.);
#249=VECTOR('',#2827,10.);
#250=VECTOR('',#2838,10.);
#251=VECTOR('',#2839,10.);
#252=VECTOR('',#2840,10.);
#253=VECTOR('',#2843,10.);
#254=VECTOR('',#2844,10.);
#255=VECTOR('',#2849,10.);
#256=VECTOR('',#2850,10.);
#257=VECTOR('',#2875,10.);
#258=VECTOR('',#2876,10.);
#259=VECTOR('',#2879,10.);
#260=VECTOR('',#2884,10.);
#261=VECTOR('',#2889,10.);
#262=VECTOR('',#2894,10.);
#263=VECTOR('',#2907,10.);
#264=VECTOR('',#2908,10.);
#265=VECTOR('',#2909,10.);
#266=VECTOR('',#2912,10.);
#267=VECTOR('',#2925,10.);
#268=VECTOR('',#2928,10.);
#269=VECTOR('',#2933,10.);
#270=VECTOR('',#2936,10.);
#271=VECTOR('',#2939,10.);
#272=VECTOR('',#2944,10.);
#273=VECTOR('',#2945,10.);
#274=VECTOR('',#2948,10.);
#275=VECTOR('',#2949,10.);
#276=VECTOR('',#2950,10.);
#277=VECTOR('',#2951,10.);
#278=VECTOR('',#2952,10.);
#279=VECTOR('',#2953,10.);
#280=VECTOR('',#2954,10.);
#281=VECTOR('',#2955,10.);
#282=VECTOR('',#2958,10.);
#283=VECTOR('',#2961,10.);
#284=VECTOR('',#2964,10.);
#285=VECTOR('',#2967,10.);
#286=VECTOR('',#2968,10.);
#287=VECTOR('',#2969,10.);
#288=VECTOR('',#2974,10.);
#289=VECTOR('',#2977,10.);
#290=VECTOR('',#2980,10.);
#291=VECTOR('',#2985,10.);
#292=VECTOR('',#2988,10.);
#293=VECTOR('',#2993,10.);
#294=VECTOR('',#2994,10.);
#295=VECTOR('',#3005,10.);
#296=VECTOR('',#3016,10.);
#297=VECTOR('',#3017,10.);
#298=VECTOR('',#3028,10.);
#299=VECTOR('',#3039,10.);
#300=VECTOR('',#3040,10.);
#301=VECTOR('',#3045,10.);
#302=VECTOR('',#3048,10.);
#303=VECTOR('',#3053,10.);
#304=VECTOR('',#3054,10.);
#305=VECTOR('',#3055,10.);
#306=VECTOR('',#3056,10.);
#307=VECTOR('',#3057,10.);
#308=VECTOR('',#3060,10.);
#309=VECTOR('',#3065,10.);
#310=VECTOR('',#3066,10.);
#311=VECTOR('',#3073,10.);
#312=VECTOR('',#3086,10.);
#313=VECTOR('',#3097,10.);
#314=VECTOR('',#3108,10.);
#315=VECTOR('',#3115,10.);
#316=VECTOR('',#3118,10.);
#317=VECTOR('',#3121,10.);
#318=VECTOR('',#3122,10.);
#319=VECTOR('',#3125,10.);
#320=VECTOR('',#3130,10.);
#321=VECTOR('',#3131,10.);
#322=VECTOR('',#3134,10.);
#323=VECTOR('',#3139,10.);
#324=VECTOR('',#3140,10.);
#325=VECTOR('',#3143,10.);
#326=VECTOR('',#3148,10.);
#327=VECTOR('',#3163,10.);
#328=VECTOR('',#3178,10.);
#329=VECTOR('',#3181,10.);
#330=VECTOR('',#3184,10.);
#331=VECTOR('',#3211,10.);
#332=VECTOR('',#3214,10.);
#333=VECTOR('',#3217,10.);
#334=VECTOR('',#3222,10.);
#335=VECTOR('',#3223,10.);
#336=VECTOR('',#3226,10.);
#337=VECTOR('',#3253,10.);
#338=VECTOR('',#3254,10.);
#339=VECTOR('',#3261,10.);
#340=VECTOR('',#3264,10.);
#341=VECTOR('',#3267,10.);
#342=VECTOR('',#3268,10.);
#343=VECTOR('',#3269,10.);
#344=VECTOR('',#3270,10.);
#345=VECTOR('',#3273,10.);
#346=VECTOR('',#3276,10.);
#347=VECTOR('',#3279,10.);
#348=VECTOR('',#3288,10.);
#349=VECTOR('',#3295,10.);
#350=VECTOR('',#3296,10.);
#351=VECTOR('',#3299,10.);
#352=VECTOR('',#3302,10.);
#353=VECTOR('',#3303,10.);
#354=VECTOR('',#3304,10.);
#355=VECTOR('',#3305,10.);
#356=VECTOR('',#3306,10.);
#357=VECTOR('',#3307,10.);
#358=VECTOR('',#3308,10.);
#359=VECTOR('',#3309,10.);
#360=VECTOR('',#3312,10.);
#361=VECTOR('',#3317,10.);
#362=VECTOR('',#3318,10.);
#363=VECTOR('',#3319,10.);
#364=VECTOR('',#3332,10.);
#365=VECTOR('',#3335,10.);
#366=VECTOR('',#3344,10.);
#367=VECTOR('',#3345,10.);
#368=VECTOR('',#3348,10.);
#369=VECTOR('',#3353,10.);
#370=VECTOR('',#3364,10.);
#371=VECTOR('',#3367,10.);
#372=VECTOR('',#3370,10.);
#373=VECTOR('',#3371,10.);
#374=VECTOR('',#3374,10.);
#375=VECTOR('',#3387,10.);
#376=VECTOR('',#3390,10.);
#377=VECTOR('',#3393,10.);
#378=VECTOR('',#3398,10.);
#379=VECTOR('',#3399,10.);
#380=VECTOR('',#3402,10.);
#381=VECTOR('',#3405,10.);
#382=VECTOR('',#3406,10.);
#383=VECTOR('',#3411,10.);
#384=VECTOR('',#3412,10.);
#385=VECTOR('',#3439,10.);
#386=VECTOR('',#3444,10.);
#387=VECTOR('',#3447,10.);
#388=VECTOR('',#3448,10.);
#389=VECTOR('',#3453,10.);
#390=VECTOR('',#3462,10.);
#391=VECTOR('',#3469,10.);
#392=VECTOR('',#3472,10.);
#393=VECTOR('',#3487,10.);
#394=VECTOR('',#3498,10.);
#395=VECTOR('',#3509,10.);
#396=VECTOR('',#3510,10.);
#397=VECTOR('',#3515,10.);
#398=VECTOR('',#3516,10.);
#399=VECTOR('',#3533,10.);
#400=VECTOR('',#3534,10.);
#401=VECTOR('',#3537,10.);
#402=VECTOR('',#3538,10.);
#403=VECTOR('',#3543,10.);
#404=VECTOR('',#3544,10.);
#405=VECTOR('',#3555,10.);
#406=VECTOR('',#3558,10.);
#407=VECTOR('',#3565,10.);
#408=VECTOR('',#3574,10.);
#409=VECTOR('',#3577,10.);
#410=VECTOR('',#3582,10.);
#411=VECTOR('',#3583,10.);
#412=VECTOR('',#3586,10.);
#413=CYLINDRICAL_SURFACE('',#2485,0.5);
#414=CYLINDRICAL_SURFACE('',#2490,0.5);
#415=CYLINDRICAL_SURFACE('',#2496,0.5);
#416=CYLINDRICAL_SURFACE('',#2497,0.5);
#417=CYLINDRICAL_SURFACE('',#2498,0.5);
#418=CYLINDRICAL_SURFACE('',#2510,2.);
#419=CYLINDRICAL_SURFACE('',#2514,0.5);
#420=CYLINDRICAL_SURFACE('',#2517,0.5);
#421=CYLINDRICAL_SURFACE('',#2518,0.5);
#422=CYLINDRICAL_SURFACE('',#2524,0.5);
#423=CYLINDRICAL_SURFACE('',#2525,0.5);
#424=CYLINDRICAL_SURFACE('',#2530,1.5);
#425=CYLINDRICAL_SURFACE('',#2533,1.5);
#426=CYLINDRICAL_SURFACE('',#2535,0.75);
#427=CYLINDRICAL_SURFACE('',#2546,0.25);
#428=CYLINDRICAL_SURFACE('',#2549,0.25);
#429=CYLINDRICAL_SURFACE('',#2552,0.25);
#430=CYLINDRICAL_SURFACE('',#2556,0.25);
#431=CYLINDRICAL_SURFACE('',#2562,0.25);
#432=CYLINDRICAL_SURFACE('',#2566,0.25);
#433=CYLINDRICAL_SURFACE('',#2572,0.25);
#434=CYLINDRICAL_SURFACE('',#2573,0.5);
#435=CYLINDRICAL_SURFACE('',#2575,2.);
#436=CYLINDRICAL_SURFACE('',#2581,0.5);
#437=CYLINDRICAL_SURFACE('',#2583,0.5);
#438=CYLINDRICAL_SURFACE('',#2588,0.5);
#439=CYLINDRICAL_SURFACE('',#2593,0.5);
#440=CYLINDRICAL_SURFACE('',#2598,0.5);
#441=CYLINDRICAL_SURFACE('',#2602,0.5);
#442=CYLINDRICAL_SURFACE('',#2605,0.5);
#443=CYLINDRICAL_SURFACE('',#2608,0.5);
#444=CYLINDRICAL_SURFACE('',#2611,0.5);
#445=CYLINDRICAL_SURFACE('',#2620,0.5);
#446=CYLINDRICAL_SURFACE('',#2627,0.5);
#447=CYLINDRICAL_SURFACE('',#2628,0.5);
#448=CYLINDRICAL_SURFACE('',#2629,0.5);
#449=CYLINDRICAL_SURFACE('',#2632,2.);
#450=CYLINDRICAL_SURFACE('',#2642,2.);
#451=CYLINDRICAL_SURFACE('',#2643,2.);
#452=CYLINDRICAL_SURFACE('',#2644,1.);
#453=CYLINDRICAL_SURFACE('',#2647,1.);
#454=CYLINDRICAL_SURFACE('',#2659,1.5);
#455=CYLINDRICAL_SURFACE('',#2662,1.5);
#456=CYLINDRICAL_SURFACE('',#2664,1.5);
#457=CYLINDRICAL_SURFACE('',#2668,1.5);
#458=CYLINDRICAL_SURFACE('',#2671,1.5);
#459=CYLINDRICAL_SURFACE('',#2678,0.5);
#460=CYLINDRICAL_SURFACE('',#2681,0.5);
#461=CYLINDRICAL_SURFACE('',#2686,2.5);
#462=CYLINDRICAL_SURFACE('',#2692,0.75);
#463=CYLINDRICAL_SURFACE('',#2697,0.75);
#464=CYLINDRICAL_SURFACE('',#2698,0.75);
#465=CYLINDRICAL_SURFACE('',#2708,0.5);
#466=CYLINDRICAL_SURFACE('',#2709,0.5);
#467=CYLINDRICAL_SURFACE('',#2710,0.5);
#468=CYLINDRICAL_SURFACE('',#2711,0.5);
#469=CYLINDRICAL_SURFACE('',#2719,1.5);
#470=CYLINDRICAL_SURFACE('',#2728,2.5);
#471=CYLINDRICAL_SURFACE('',#2730,2.5);
#472=CYLINDRICAL_SURFACE('',#2732,2.5);
#473=CYLINDRICAL_SURFACE('',#2733,2.5);
#474=CYLINDRICAL_SURFACE('',#2737,2.5);
#475=CYLINDRICAL_SURFACE('',#2741,2.5);
#476=CYLINDRICAL_SURFACE('',#2743,2.5);
#477=CYLINDRICAL_SURFACE('',#2748,2.5);
#478=CYLINDRICAL_SURFACE('',#2754,2.5);
#479=CYLINDRICAL_SURFACE('',#2759,2.5);
#480=CYLINDRICAL_SURFACE('',#2760,2.5);
#481=CYLINDRICAL_SURFACE('',#2769,2.5);
#482=CYLINDRICAL_SURFACE('',#2770,2.5);
#483=CYLINDRICAL_SURFACE('',#2771,2.5);
#484=CYLINDRICAL_SURFACE('',#2776,2.5);
#485=CYLINDRICAL_SURFACE('',#2779,2.5);
#486=CYLINDRICAL_SURFACE('',#2781,2.5);
#487=CYLINDRICAL_SURFACE('',#2788,1.);
#488=CYLINDRICAL_SURFACE('',#2790,1.);
#489=B_SPLINE_CURVE_WITH_KNOTS('',3,(#3602,#3603,#3604,#3605,#3606,#3607,
#3608,#3609,#3610,#3611,#3612,#3613),.UNSPECIFIED.,.F.,.F.,(4,2,2,2,2,4),
(0.589268472614627,0.596657111472129,0.62865017063249,0.664119392160198,
0.711340196804154,0.722152980663014),.UNSPECIFIED.);
#490=B_SPLINE_CURVE_WITH_KNOTS('',3,(#3620,#3621,#3622,#3623,#3624,#3625),
 .UNSPECIFIED.,.F.,.F.,(4,2,4),(-0.000316227803774332,0.,0.00627188812174487),
 .UNSPECIFIED.);
#491=B_SPLINE_CURVE_WITH_KNOTS('',3,(#3665,#3666,#3667,#3668,#3669,#3670),
 .UNSPECIFIED.,.F.,.F.,(4,2,4),(0.,0.0587814095664546,0.09701302284779),
 .UNSPECIFIED.);
#492=B_SPLINE_CURVE_WITH_KNOTS('',3,(#3715,#3716,#3717,#3718,#3719,#3720,
#3721,#3722,#3723,#3724),.UNSPECIFIED.,.F.,.F.,(4,2,2,2,4),(-0.000117267336142303,
0.,0.00612186011559952,0.0130512118764291,0.03708249908666),
 .UNSPECIFIED.);
#493=B_SPLINE_CURVE_WITH_KNOTS('',3,(#3726,#3727,#3728,#3729,#3730,#3731,
#3732,#3733),.UNSPECIFIED.,.F.,.F.,(4,1,1,1,1,4),(0.0589059952327936,0.0827168268390455,
0.130338490051549,0.177960153264053,0.201770984870305,0.225581816476557),
 .UNSPECIFIED.);
#494=B_SPLINE_CURVE_WITH_KNOTS('',3,(#3736,#3737,#3738,#3739,#3740,#3741,
#3742),.UNSPECIFIED.,.F.,.F.,(4,1,1,1,4),(-0.225581816476557,-0.201770984870305,
-0.177960153264053,-0.130338490051549,-0.0977900714518105),
 .UNSPECIFIED.);
#495=B_SPLINE_CURVE_WITH_KNOTS('',3,(#3750,#3751,#3752,#3753),
 .UNSPECIFIED.,.F.,.F.,(4,4),(-5.58283680216691E-5,0.),.UNSPECIFIED.);
#496=B_SPLINE_CURVE_WITH_KNOTS('',3,(#3761,#3762,#3763,#3764,#3765),
 .UNSPECIFIED.,.F.,.F.,(4,1,4),(0.,0.0524324979903094,0.104864995980619),
 .UNSPECIFIED.);
#497=B_SPLINE_CURVE_WITH_KNOTS('',3,(#3780,#3781,#3782,#3783,#3784),
 .UNSPECIFIED.,.F.,.F.,(4,1,4),(-0.104864995980619,-0.0524324979903094,
-5.58283680216691E-5),.UNSPECIFIED.);
#498=B_SPLINE_CURVE_WITH_KNOTS('',3,(#3822,#3823,#3824,#3825,#3826,#3827,
#3828,#3829,#3830,#3831,#3832,#3833),.UNSPECIFIED.,.F.,.F.,(4,2,2,2,2,4),
(-0.000423917584351172,0.,0.020026698367446,0.0400258107245471,0.0597563433221096,
0.0663178473929384),.UNSPECIFIED.);
#499=B_SPLINE_CURVE_WITH_KNOTS('',3,(#3837,#3838,#3839,#3840,#3841,#3842,
#3843,#3844),.UNSPECIFIED.,.F.,.F.,(4,2,2,4),(0.106604823888191,0.127523853596036,
0.137983368449958,0.146222357217153),.UNSPECIFIED.);
#500=B_SPLINE_CURVE_WITH_KNOTS('',3,(#3854,#3855,#3856,#3857,#3858,#3859,
#3860,#3861),.UNSPECIFIED.,.F.,.F.,(4,2,2,4),(0.196880149597228,0.20377472756317,
0.21813230032231,0.225589630450936),.UNSPECIFIED.);
#501=B_SPLINE_CURVE_WITH_KNOTS('',3,(#3872,#3873,#3874,#3875,#3876,#3877,
#3878,#3879),.UNSPECIFIED.,.F.,.F.,(4,2,2,4),(0.400834083309055,0.434839588162796,
0.468845093016536,0.510392038335237),.UNSPECIFIED.);
#502=B_SPLINE_CURVE_WITH_KNOTS('',3,(#3982,#3983,#3984,#3985,#3986,#3987,
#3988,#3989,#3990,#3991),.UNSPECIFIED.,.F.,.F.,(4,2,2,2,4),(0.133611361103017,
0.144946529387594,0.156281697672171,0.172913901374769,0.189546105077367),
 .UNSPECIFIED.);
#503=B_SPLINE_CURVE_WITH_KNOTS('',3,(#4020,#4021,#4022,#4023,#4024,#4025,
#4026,#4027,#4028,#4029),.UNSPECIFIED.,.F.,.F.,(4,2,2,2,4),(0.,0.0166322037025977,
0.0332644074051954,0.0445995756897726,0.0559347439743498),.UNSPECIFIED.);
#504=B_SPLINE_CURVE_WITH_KNOTS('',3,(#4304,#4305,#4306,#4307,#4308,#4309,
#4310,#4311),.UNSPECIFIED.,.F.,.F.,(4,2,2,4),(0.758298360057767,0.815645779979771,
0.872993199901774,1.04933742860113),.UNSPECIFIED.);
#505=B_SPLINE_CURVE_WITH_KNOTS('',3,(#4378,#4379,#4380,#4381,#4382,#4383,
#4384,#4385,#4386,#4387),.UNSPECIFIED.,.F.,.F.,(4,1,1,1,1,1,1,4),(0.521590541162115,
0.525589732783581,0.529588924405047,0.537587307647979,0.545585690890911,
0.549584882512377,0.553584074133843,0.57757922386264),.UNSPECIFIED.);
#506=B_SPLINE_CURVE_WITH_KNOTS('',3,(#4402,#4403,#4404,#4405,#4406,#4407,
#4408,#4409,#4410,#4411),.UNSPECIFIED.,.F.,.F.,(4,2,2,2,4),(0.,0.146953523916136,
0.293907047832271,0.389486081035608,0.485065114238945),.UNSPECIFIED.);
#507=B_SPLINE_CURVE_WITH_KNOTS('',3,(#4419,#4420,#4421,#4422,#4423,#4424),
 .UNSPECIFIED.,.F.,.F.,(4,2,4),(0.114517485845248,0.135727664030538,0.200343736372847),
 .UNSPECIFIED.);
#508=B_SPLINE_CURVE_WITH_KNOTS('',3,(#4432,#4433,#4434,#4435,#4436,#4437,
#4438,#4439,#4440,#4441),.UNSPECIFIED.,.F.,.F.,(4,2,2,2,4),(0.,0.0498966111077843,
0.0997932222155686,0.133798727069309,0.16780423192305),.UNSPECIFIED.);
#509=B_SPLINE_CURVE_WITH_KNOTS('',3,(#4450,#4451,#4452,#4453,#4454,#4455),
 .UNSPECIFIED.,.F.,.F.,(4,2,4),(0.819380980743808,0.865786555869917,0.93598673718316),
 .UNSPECIFIED.);
#510=B_SPLINE_CURVE_WITH_KNOTS('',3,(#4458,#4459,#4460,#4461,#4462,#4463),
 .UNSPECIFIED.,.F.,.F.,(4,2,4),(-0.000556211739177555,0.,0.0674294130431427),
 .UNSPECIFIED.);
#511=B_SPLINE_CURVE_WITH_KNOTS('',3,(#4465,#4466,#4467,#4468,#4469,#4470,
#4471,#4472,#4473,#4474,#4475,#4476),.UNSPECIFIED.,.F.,.F.,(4,2,2,2,2,4),
(0.111929050909379,0.114689891738452,0.121720096104303,0.132913338804839,
0.152208914661877,0.157726409544381),.UNSPECIFIED.);
#512=B_SPLINE_CURVE_WITH_KNOTS('',3,(#4477,#4478,#4479,#4480,#4481,#4482),
 .UNSPECIFIED.,.F.,.F.,(4,2,4),(0.,0.0337454736108651,0.0540370293936057),
 .UNSPECIFIED.);
#513=B_SPLINE_CURVE_WITH_KNOTS('',3,(#4497,#4498,#4499,#4500,#4501,#4502,
#4503,#4504,#4505,#4506),.UNSPECIFIED.,.F.,.F.,(4,2,2,2,4),(1.26383060009628,
1.35940963329961,1.45498866650295,1.60194219041908,1.74889571433522),
 .UNSPECIFIED.);
#514=B_SPLINE_CURVE_WITH_KNOTS('',3,(#4514,#4515,#4516,#4517,#4518,#4519,
#4520,#4521,#4522,#4523),.UNSPECIFIED.,.F.,.F.,(4,2,2,2,4),(0.,0.146953523916135,
0.29390704783227,0.389486081035608,0.485065114238947),.UNSPECIFIED.);
#515=B_SPLINE_CURVE_WITH_KNOTS('',3,(#4527,#4528,#4529,#4530,#4531,#4532,
#4533,#4534,#4535,#4536),.UNSPECIFIED.,.F.,.F.,(4,2,2,2,4),(1.26383060009627,
1.35940963329961,1.45498866650295,1.60194219041908,1.74889571433522),
 .UNSPECIFIED.);
#516=B_SPLINE_CURVE_WITH_KNOTS('',3,(#4565,#4566,#4567,#4568,#4569,#4570),
 .UNSPECIFIED.,.F.,.F.,(4,2,4),(0.,0.115230983939614,0.204037295926333),
 .UNSPECIFIED.);
#517=B_SPLINE_CURVE_WITH_KNOTS('',3,(#4573,#4574,#4575,#4576,#4577,#4578),
 .UNSPECIFIED.,.F.,.F.,(4,2,4),(0.,0.0722802546852676,0.139394780084584),
 .UNSPECIFIED.);
#518=B_SPLINE_CURVE_WITH_KNOTS('',3,(#4621,#4622,#4623,#4624,#4625,#4626,
#4627,#4628),.UNSPECIFIED.,.F.,.F.,(4,2,2,4),(0.299807973997494,0.333428077781038,
0.367048181564582,0.434288389131669),.UNSPECIFIED.);
#519=TOROIDAL_SURFACE('',#2481,1.,0.5);
#520=TOROIDAL_SURFACE('',#2500,1.,0.5);
#521=TOROIDAL_SURFACE('',#2504,1.,0.5);
#522=TOROIDAL_SURFACE('',#2521,1.,0.5);
#523=TOROIDAL_SURFACE('',#2527,1.25,0.5);
#524=TOROIDAL_SURFACE('',#2558,1.75,0.25);
#525=TOROIDAL_SURFACE('',#2568,1.75,0.25);
#526=TOROIDAL_SURFACE('',#2585,1.,0.5);
#527=TOROIDAL_SURFACE('',#2590,1.,0.5);
#528=TOROIDAL_SURFACE('',#2595,1.,0.5);
#529=TOROIDAL_SURFACE('',#2600,1.,0.5);
#530=TOROIDAL_SURFACE('',#2649,3.,1.5);
#531=TOROIDAL_SURFACE('',#2653,3.,1.5);
#532=TOROIDAL_SURFACE('',#2673,2.,1.5);
#533=TOROIDAL_SURFACE('',#2688,3.25,2.5);
#534=TOROIDAL_SURFACE('',#2703,1.00000000000001,0.5);
#535=TOROIDAL_SURFACE('',#2724,5.,2.5);
#536=TOROIDAL_SURFACE('',#2735,5.,2.5);
#537=TOROIDAL_SURFACE('',#2739,5.,2.5);
#538=TOROIDAL_SURFACE('',#2744,5.,2.5);
#539=TOROIDAL_SURFACE('',#2750,5.,2.5);
#540=TOROIDAL_SURFACE('',#2762,5.,2.5);
#541=TOROIDAL_SURFACE('',#2773,5.,2.5);
#542=FACE_OUTER_BOUND('',#699,.T.);
#543=FACE_OUTER_BOUND('',#700,.T.);
#544=FACE_OUTER_BOUND('',#701,.T.);
#545=FACE_OUTER_BOUND('',#702,.T.);
#546=FACE_OUTER_BOUND('',#703,.T.);
#547=FACE_OUTER_BOUND('',#704,.T.);
#548=FACE_OUTER_BOUND('',#705,.T.);
#549=FACE_OUTER_BOUND('',#706,.T.);
#550=FACE_OUTER_BOUND('',#707,.T.);
#551=FACE_OUTER_BOUND('',#708,.T.);
#552=FACE_OUTER_BOUND('',#709,.T.);
#553=FACE_OUTER_BOUND('',#710,.T.);
#554=FACE_OUTER_BOUND('',#711,.T.);
#555=FACE_OUTER_BOUND('',#712,.T.);
#556=FACE_OUTER_BOUND('',#713,.T.);
#557=FACE_OUTER_BOUND('',#714,.T.);
#558=FACE_OUTER_BOUND('',#715,.T.);
#559=FACE_OUTER_BOUND('',#716,.T.);
#560=FACE_OUTER_BOUND('',#717,.T.);
#561=FACE_OUTER_BOUND('',#718,.T.);
#562=FACE_OUTER_BOUND('',#719,.T.);
#563=FACE_OUTER_BOUND('',#720,.T.);
#564=FACE_OUTER_BOUND('',#721,.T.);
#565=FACE_OUTER_BOUND('',#722,.T.);
#566=FACE_OUTER_BOUND('',#723,.T.);
#567=FACE_OUTER_BOUND('',#724,.T.);
#568=FACE_OUTER_BOUND('',#725,.T.);
#569=FACE_OUTER_BOUND('',#726,.T.);
#570=FACE_OUTER_BOUND('',#727,.T.);
#571=FACE_OUTER_BOUND('',#728,.T.);
#572=FACE_OUTER_BOUND('',#729,.T.);
#573=FACE_OUTER_BOUND('',#730,.T.);
#574=FACE_OUTER_BOUND('',#731,.T.);
#575=FACE_OUTER_BOUND('',#732,.T.);
#576=FACE_OUTER_BOUND('',#733,.T.);
#577=FACE_OUTER_BOUND('',#734,.T.);
#578=FACE_OUTER_BOUND('',#735,.T.);
#579=FACE_OUTER_BOUND('',#736,.T.);
#580=FACE_OUTER_BOUND('',#737,.T.);
#581=FACE_OUTER_BOUND('',#738,.T.);
#582=FACE_OUTER_BOUND('',#739,.T.);
#583=FACE_OUTER_BOUND('',#740,.T.);
#584=FACE_OUTER_BOUND('',#741,.T.);
#585=FACE_OUTER_BOUND('',#742,.T.);
#586=FACE_OUTER_BOUND('',#743,.T.);
#587=FACE_OUTER_BOUND('',#744,.T.);
#588=FACE_OUTER_BOUND('',#745,.T.);
#589=FACE_OUTER_BOUND('',#746,.T.);
#590=FACE_OUTER_BOUND('',#747,.T.);
#591=FACE_OUTER_BOUND('',#748,.T.);
#592=FACE_OUTER_BOUND('',#749,.T.);
#593=FACE_OUTER_BOUND('',#750,.T.);
#594=FACE_OUTER_BOUND('',#751,.T.);
#595=FACE_OUTER_BOUND('',#752,.T.);
#596=FACE_OUTER_BOUND('',#753,.T.);
#597=FACE_OUTER_BOUND('',#754,.T.);
#598=FACE_OUTER_BOUND('',#755,.T.);
#599=FACE_OUTER_BOUND('',#756,.T.);
#600=FACE_OUTER_BOUND('',#757,.T.);
#601=FACE_OUTER_BOUND('',#758,.T.);
#602=FACE_OUTER_BOUND('',#759,.T.);
#603=FACE_OUTER_BOUND('',#760,.T.);
#604=FACE_OUTER_BOUND('',#761,.T.);
#605=FACE_OUTER_BOUND('',#762,.T.);
#606=FACE_OUTER_BOUND('',#763,.T.);
#607=FACE_OUTER_BOUND('',#764,.T.);
#608=FACE_OUTER_BOUND('',#765,.T.);
#609=FACE_OUTER_BOUND('',#766,.T.);
#610=FACE_OUTER_BOUND('',#767,.T.);
#611=FACE_OUTER_BOUND('',#768,.T.);
#612=FACE_OUTER_BOUND('',#769,.T.);
#613=FACE_OUTER_BOUND('',#770,.T.);
#614=FACE_OUTER_BOUND('',#771,.T.);
#615=FACE_OUTER_BOUND('',#772,.T.);
#616=FACE_OUTER_BOUND('',#773,.T.);
#617=FACE_OUTER_BOUND('',#774,.T.);
#618=FACE_OUTER_BOUND('',#775,.T.);
#619=FACE_OUTER_BOUND('',#776,.T.);
#620=FACE_OUTER_BOUND('',#777,.T.);
#621=FACE_OUTER_BOUND('',#778,.T.);
#622=FACE_OUTER_BOUND('',#779,.T.);
#623=FACE_OUTER_BOUND('',#780,.T.);
#624=FACE_OUTER_BOUND('',#781,.T.);
#625=FACE_OUTER_BOUND('',#782,.T.);
#626=FACE_OUTER_BOUND('',#783,.T.);
#627=FACE_OUTER_BOUND('',#784,.T.);
#628=FACE_OUTER_BOUND('',#785,.T.);
#629=FACE_OUTER_BOUND('',#786,.T.);
#630=FACE_OUTER_BOUND('',#787,.T.);
#631=FACE_OUTER_BOUND('',#788,.T.);
#632=FACE_OUTER_BOUND('',#789,.T.);
#633=FACE_OUTER_BOUND('',#790,.T.);
#634=FACE_OUTER_BOUND('',#791,.T.);
#635=FACE_OUTER_BOUND('',#792,.T.);
#636=FACE_OUTER_BOUND('',#793,.T.);
#637=FACE_OUTER_BOUND('',#794,.T.);
#638=FACE_OUTER_BOUND('',#795,.T.);
#639=FACE_OUTER_BOUND('',#796,.T.);
#640=FACE_OUTER_BOUND('',#797,.T.);
#641=FACE_OUTER_BOUND('',#798,.T.);
#642=FACE_OUTER_BOUND('',#799,.T.);
#643=FACE_OUTER_BOUND('',#800,.T.);
#644=FACE_OUTER_BOUND('',#801,.T.);
#645=FACE_OUTER_BOUND('',#802,.T.);
#646=FACE_OUTER_BOUND('',#803,.T.);
#647=FACE_OUTER_BOUND('',#804,.T.);
#648=FACE_OUTER_BOUND('',#805,.T.);
#649=FACE_OUTER_BOUND('',#806,.T.);
#650=FACE_OUTER_BOUND('',#807,.T.);
#651=FACE_OUTER_BOUND('',#808,.T.);
#652=FACE_OUTER_BOUND('',#809,.T.);
#653=FACE_OUTER_BOUND('',#810,.T.);
#654=FACE_OUTER_BOUND('',#811,.T.);
#655=FACE_OUTER_BOUND('',#812,.T.);
#656=FACE_OUTER_BOUND('',#813,.T.);
#657=FACE_OUTER_BOUND('',#814,.T.);
#658=FACE_OUTER_BOUND('',#815,.T.);
#659=FACE_OUTER_BOUND('',#816,.T.);
#660=FACE_OUTER_BOUND('',#817,.T.);
#661=FACE_OUTER_BOUND('',#818,.T.);
#662=FACE_OUTER_BOUND('',#819,.T.);
#663=FACE_OUTER_BOUND('',#820,.T.);
#664=FACE_OUTER_BOUND('',#821,.T.);
#665=FACE_OUTER_BOUND('',#822,.T.);
#666=FACE_OUTER_BOUND('',#823,.T.);
#667=FACE_OUTER_BOUND('',#824,.T.);
#668=FACE_OUTER_BOUND('',#825,.T.);
#669=FACE_OUTER_BOUND('',#826,.T.);
#670=FACE_OUTER_BOUND('',#827,.T.);
#671=FACE_OUTER_BOUND('',#828,.T.);
#672=FACE_OUTER_BOUND('',#829,.T.);
#673=FACE_OUTER_BOUND('',#830,.T.);
#674=FACE_OUTER_BOUND('',#831,.T.);
#675=FACE_OUTER_BOUND('',#832,.T.);
#676=FACE_OUTER_BOUND('',#833,.T.);
#677=FACE_OUTER_BOUND('',#834,.T.);
#678=FACE_OUTER_BOUND('',#835,.T.);
#679=FACE_OUTER_BOUND('',#836,.T.);
#680=FACE_OUTER_BOUND('',#837,.T.);
#681=FACE_OUTER_BOUND('',#838,.T.);
#682=FACE_OUTER_BOUND('',#839,.T.);
#683=FACE_OUTER_BOUND('',#840,.T.);
#684=FACE_OUTER_BOUND('',#841,.T.);
#685=FACE_OUTER_BOUND('',#842,.T.);
#686=FACE_OUTER_BOUND('',#843,.T.);
#687=FACE_OUTER_BOUND('',#844,.T.);
#688=FACE_OUTER_BOUND('',#845,.T.);
#689=FACE_OUTER_BOUND('',#846,.T.);
#690=FACE_OUTER_BOUND('',#847,.T.);
#691=FACE_OUTER_BOUND('',#848,.T.);
#692=FACE_OUTER_BOUND('',#849,.T.);
#693=FACE_OUTER_BOUND('',#850,.T.);
#694=FACE_OUTER_BOUND('',#851,.T.);
#695=FACE_OUTER_BOUND('',#852,.T.);
#696=FACE_OUTER_BOUND('',#853,.T.);
#697=FACE_OUTER_BOUND('',#854,.T.);
#698=FACE_OUTER_BOUND('',#855,.T.);
#699=EDGE_LOOP('',(#1576,#1577,#1578));
#700=EDGE_LOOP('',(#1579,#1580,#1581,#1582,#1583));
#701=EDGE_LOOP('',(#1584,#1585,#1586,#1587));
#702=EDGE_LOOP('',(#1588,#1589,#1590));
#703=EDGE_LOOP('',(#1591,#1592,#1593,#1594));
#704=EDGE_LOOP('',(#1595,#1596,#1597));
#705=EDGE_LOOP('',(#1598,#1599,#1600,#1601,#1602));
#706=EDGE_LOOP('',(#1603,#1604,#1605,#1606));
#707=EDGE_LOOP('',(#1607,#1608,#1609,#1610));
#708=EDGE_LOOP('',(#1611,#1612,#1613,#1614));
#709=EDGE_LOOP('',(#1615,#1616,#1617,#1618));
#710=EDGE_LOOP('',(#1619,#1620,#1621,#1622));
#711=EDGE_LOOP('',(#1623,#1624,#1625,#1626,#1627));
#712=EDGE_LOOP('',(#1628,#1629,#1630,#1631,#1632,#1633,#1634,#1635));
#713=EDGE_LOOP('',(#1636,#1637,#1638,#1639));
#714=EDGE_LOOP('',(#1640,#1641,#1642,#1643));
#715=EDGE_LOOP('',(#1644,#1645,#1646));
#716=EDGE_LOOP('',(#1647,#1648,#1649,#1650,#1651));
#717=EDGE_LOOP('',(#1652,#1653,#1654,#1655));
#718=EDGE_LOOP('',(#1656,#1657,#1658,#1659));
#719=EDGE_LOOP('',(#1660,#1661,#1662,#1663,#1664));
#720=EDGE_LOOP('',(#1665,#1666,#1667,#1668,#1669,#1670));
#721=EDGE_LOOP('',(#1671,#1672,#1673,#1674));
#722=EDGE_LOOP('',(#1675,#1676,#1677,#1678,#1679));
#723=EDGE_LOOP('',(#1680,#1681,#1682,#1683,#1684));
#724=EDGE_LOOP('',(#1685,#1686,#1687,#1688,#1689,#1690));
#725=EDGE_LOOP('',(#1691,#1692,#1693,#1694,#1695));
#726=EDGE_LOOP('',(#1696,#1697,#1698,#1699,#1700,#1701,#1702,#1703,#1704,
#1705,#1706,#1707,#1708,#1709,#1710,#1711,#1712,#1713,#1714,#1715,#1716,
#1717,#1718,#1719,#1720,#1721,#1722,#1723,#1724,#1725,#1726));
#727=EDGE_LOOP('',(#1727,#1728,#1729,#1730));
#728=EDGE_LOOP('',(#1731,#1732,#1733,#1734,#1735));
#729=EDGE_LOOP('',(#1736,#1737,#1738,#1739));
#730=EDGE_LOOP('',(#1740,#1741,#1742,#1743));
#731=EDGE_LOOP('',(#1744,#1745,#1746,#1747));
#732=EDGE_LOOP('',(#1748,#1749,#1750,#1751));
#733=EDGE_LOOP('',(#1752,#1753,#1754,#1755));
#734=EDGE_LOOP('',(#1756,#1757,#1758,#1759));
#735=EDGE_LOOP('',(#1760,#1761,#1762,#1763));
#736=EDGE_LOOP('',(#1764,#1765,#1766,#1767));
#737=EDGE_LOOP('',(#1768,#1769,#1770,#1771));
#738=EDGE_LOOP('',(#1772,#1773,#1774,#1775));
#739=EDGE_LOOP('',(#1776,#1777,#1778,#1779));
#740=EDGE_LOOP('',(#1780,#1781,#1782,#1783));
#741=EDGE_LOOP('',(#1784,#1785,#1786,#1787));
#742=EDGE_LOOP('',(#1788,#1789,#1790,#1791,#1792,#1793,#1794,#1795));
#743=EDGE_LOOP('',(#1796,#1797,#1798,#1799,#1800,#1801,#1802));
#744=EDGE_LOOP('',(#1803,#1804,#1805,#1806));
#745=EDGE_LOOP('',(#1807,#1808,#1809,#1810,#1811,#1812));
#746=EDGE_LOOP('',(#1813,#1814,#1815,#1816));
#747=EDGE_LOOP('',(#1817,#1818,#1819,#1820));
#748=EDGE_LOOP('',(#1821,#1822,#1823,#1824));
#749=EDGE_LOOP('',(#1825,#1826,#1827,#1828));
#750=EDGE_LOOP('',(#1829,#1830,#1831,#1832));
#751=EDGE_LOOP('',(#1833,#1834,#1835,#1836));
#752=EDGE_LOOP('',(#1837,#1838,#1839,#1840));
#753=EDGE_LOOP('',(#1841,#1842,#1843,#1844));
#754=EDGE_LOOP('',(#1845,#1846,#1847,#1848));
#755=EDGE_LOOP('',(#1849,#1850,#1851,#1852));
#756=EDGE_LOOP('',(#1853,#1854,#1855,#1856));
#757=EDGE_LOOP('',(#1857,#1858,#1859,#1860));
#758=EDGE_LOOP('',(#1861,#1862,#1863,#1864));
#759=EDGE_LOOP('',(#1865,#1866,#1867,#1868));
#760=EDGE_LOOP('',(#1869,#1870,#1871,#1872));
#761=EDGE_LOOP('',(#1873,#1874,#1875,#1876,#1877,#1878,#1879,#1880));
#762=EDGE_LOOP('',(#1881,#1882,#1883));
#763=EDGE_LOOP('',(#1884,#1885,#1886));
#764=EDGE_LOOP('',(#1887,#1888,#1889,#1890));
#765=EDGE_LOOP('',(#1891,#1892,#1893));
#766=EDGE_LOOP('',(#1894,#1895,#1896));
#767=EDGE_LOOP('',(#1897,#1898,#1899,#1900));
#768=EDGE_LOOP('',(#1901,#1902,#1903,#1904));
#769=EDGE_LOOP('',(#1905,#1906,#1907,#1908));
#770=EDGE_LOOP('',(#1909,#1910,#1911,#1912));
#771=EDGE_LOOP('',(#1913,#1914,#1915,#1916,#1917,#1918,#1919));
#772=EDGE_LOOP('',(#1920,#1921,#1922,#1923));
#773=EDGE_LOOP('',(#1924,#1925,#1926));
#774=EDGE_LOOP('',(#1927,#1928,#1929));
#775=EDGE_LOOP('',(#1930,#1931,#1932));
#776=EDGE_LOOP('',(#1933,#1934,#1935));
#777=EDGE_LOOP('',(#1936,#1937,#1938,#1939));
#778=EDGE_LOOP('',(#1940,#1941,#1942,#1943,#1944,#1945,#1946));
#779=EDGE_LOOP('',(#1947,#1948,#1949,#1950));
#780=EDGE_LOOP('',(#1951,#1952,#1953,#1954));
#781=EDGE_LOOP('',(#1955,#1956,#1957,#1958));
#782=EDGE_LOOP('',(#1959,#1960,#1961,#1962));
#783=EDGE_LOOP('',(#1963,#1964,#1965,#1966));
#784=EDGE_LOOP('',(#1967,#1968,#1969));
#785=EDGE_LOOP('',(#1970,#1971,#1972,#1973));
#786=EDGE_LOOP('',(#1974,#1975,#1976,#1977));
#787=EDGE_LOOP('',(#1978,#1979,#1980));
#788=EDGE_LOOP('',(#1981,#1982,#1983,#1984,#1985));
#789=EDGE_LOOP('',(#1986,#1987,#1988,#1989,#1990,#1991,#1992));
#790=EDGE_LOOP('',(#1993,#1994,#1995,#1996,#1997,#1998));
#791=EDGE_LOOP('',(#1999,#2000,#2001,#2002,#2003));
#792=EDGE_LOOP('',(#2004,#2005,#2006,#2007));
#793=EDGE_LOOP('',(#2008,#2009,#2010,#2011,#2012,#2013,#2014));
#794=EDGE_LOOP('',(#2015,#2016,#2017,#2018,#2019));
#795=EDGE_LOOP('',(#2020,#2021,#2022,#2023,#2024,#2025,#2026,#2027,#2028,
#2029,#2030,#2031,#2032));
#796=EDGE_LOOP('',(#2033,#2034,#2035,#2036));
#797=EDGE_LOOP('',(#2037,#2038,#2039,#2040,#2041));
#798=EDGE_LOOP('',(#2042,#2043,#2044));
#799=EDGE_LOOP('',(#2045,#2046,#2047,#2048));
#800=EDGE_LOOP('',(#2049,#2050,#2051,#2052));
#801=EDGE_LOOP('',(#2053,#2054,#2055,#2056,#2057,#2058));
#802=EDGE_LOOP('',(#2059,#2060,#2061,#2062,#2063));
#803=EDGE_LOOP('',(#2064,#2065,#2066,#2067));
#804=EDGE_LOOP('',(#2068,#2069,#2070,#2071,#2072,#2073));
#805=EDGE_LOOP('',(#2074,#2075,#2076));
#806=EDGE_LOOP('',(#2077,#2078,#2079,#2080));
#807=EDGE_LOOP('',(#2081,#2082,#2083));
#808=EDGE_LOOP('',(#2084,#2085,#2086,#2087,#2088,#2089,#2090,#2091,#2092,
#2093,#2094,#2095,#2096,#2097,#2098));
#809=EDGE_LOOP('',(#2099,#2100,#2101,#2102));
#810=EDGE_LOOP('',(#2103,#2104,#2105,#2106));
#811=EDGE_LOOP('',(#2107,#2108,#2109,#2110));
#812=EDGE_LOOP('',(#2111,#2112,#2113,#2114,#2115));
#813=EDGE_LOOP('',(#2116,#2117,#2118,#2119));
#814=EDGE_LOOP('',(#2120,#2121,#2122,#2123,#2124,#2125,#2126,#2127,#2128,
#2129,#2130,#2131));
#815=EDGE_LOOP('',(#2132,#2133,#2134,#2135,#2136,#2137,#2138));
#816=EDGE_LOOP('',(#2139,#2140,#2141,#2142,#2143));
#817=EDGE_LOOP('',(#2144,#2145,#2146,#2147,#2148));
#818=EDGE_LOOP('',(#2149,#2150,#2151));
#819=EDGE_LOOP('',(#2152,#2153,#2154,#2155));
#820=EDGE_LOOP('',(#2156,#2157,#2158,#2159));
#821=EDGE_LOOP('',(#2160,#2161,#2162,#2163));
#822=EDGE_LOOP('',(#2164,#2165,#2166,#2167));
#823=EDGE_LOOP('',(#2168,#2169,#2170,#2171));
#824=EDGE_LOOP('',(#2172,#2173,#2174,#2175));
#825=EDGE_LOOP('',(#2176,#2177,#2178,#2179));
#826=EDGE_LOOP('',(#2180,#2181,#2182,#2183));
#827=EDGE_LOOP('',(#2184,#2185,#2186,#2187));
#828=EDGE_LOOP('',(#2188,#2189,#2190,#2191));
#829=EDGE_LOOP('',(#2192,#2193,#2194,#2195));
#830=EDGE_LOOP('',(#2196,#2197,#2198,#2199));
#831=EDGE_LOOP('',(#2200,#2201,#2202,#2203));
#832=EDGE_LOOP('',(#2204,#2205,#2206,#2207));
#833=EDGE_LOOP('',(#2208,#2209,#2210,#2211));
#834=EDGE_LOOP('',(#2212,#2213,#2214));
#835=EDGE_LOOP('',(#2215,#2216,#2217,#2218));
#836=EDGE_LOOP('',(#2219,#2220,#2221,#2222));
#837=EDGE_LOOP('',(#2223,#2224,#2225,#2226));
#838=EDGE_LOOP('',(#2227,#2228,#2229));
#839=EDGE_LOOP('',(#2230,#2231,#2232,#2233));
#840=EDGE_LOOP('',(#2234,#2235,#2236,#2237));
#841=EDGE_LOOP('',(#2238,#2239,#2240,#2241));
#842=EDGE_LOOP('',(#2242,#2243,#2244,#2245));
#843=EDGE_LOOP('',(#2246,#2247,#2248,#2249));
#844=EDGE_LOOP('',(#2250,#2251,#2252,#2253));
#845=EDGE_LOOP('',(#2254,#2255,#2256,#2257));
#846=EDGE_LOOP('',(#2258,#2259,#2260,#2261));
#847=EDGE_LOOP('',(#2262,#2263,#2264,#2265));
#848=EDGE_LOOP('',(#2266,#2267,#2268,#2269));
#849=EDGE_LOOP('',(#2270,#2271,#2272,#2273,#2274,#2275));
#850=EDGE_LOOP('',(#2276,#2277,#2278,#2279));
#851=EDGE_LOOP('',(#2280,#2281,#2282,#2283,#2284,#2285,#2286,#2287));
#852=EDGE_LOOP('',(#2288,#2289,#2290,#2291));
#853=EDGE_LOOP('',(#2292,#2293,#2294,#2295));
#854=EDGE_LOOP('',(#2296,#2297,#2298,#2299));
#855=EDGE_LOOP('',(#2300,#2301,#2302,#2303));
#856=CIRCLE('',#2478,0.499999999999998);
#857=CIRCLE('',#2479,0.500000000000007);
#858=CIRCLE('',#2480,0.500000000000002);
#859=CIRCLE('',#2482,1.);
#860=CIRCLE('',#2483,0.499999999999989);
#861=CIRCLE('',#2484,0.5);
#862=CIRCLE('',#2487,0.5);
#863=CIRCLE('',#2488,0.500000000000002);
#864=CIRCLE('',#2489,0.499999999999998);
#865=CIRCLE('',#2491,0.499999999999972);
#866=CIRCLE('',#2493,0.5);
#867=CIRCLE('',#2494,0.500000000000002);
#868=CIRCLE('',#2495,0.500000000000007);
#869=CIRCLE('',#2499,0.500000000000002);
#870=CIRCLE('',#2501,0.5);
#871=CIRCLE('',#2502,1.);
#872=CIRCLE('',#2503,0.499999999999967);
#873=CIRCLE('',#2505,1.);
#874=CIRCLE('',#2506,0.5);
#875=CIRCLE('',#2508,0.5);
#876=CIRCLE('',#2509,0.500000000000018);
#877=CIRCLE('',#2515,0.499999999999998);
#878=CIRCLE('',#2519,0.5);
#879=CIRCLE('',#2522,0.5);
#880=CIRCLE('',#2523,1.);
#881=CIRCLE('',#2526,0.5);
#882=CIRCLE('',#2528,1.25);
#883=CIRCLE('',#2529,0.75);
#884=CIRCLE('',#2532,1.49999999999999);
#885=CIRCLE('',#2534,1.5);
#886=CIRCLE('',#2536,0.75);
#887=CIRCLE('',#2538,3.);
#888=CIRCLE('',#2539,2.);
#889=CIRCLE('',#2540,1.);
#890=CIRCLE('',#2541,1.);
#891=CIRCLE('',#2542,1.);
#892=CIRCLE('',#2543,1.);
#893=CIRCLE('',#2547,0.250000000000004);
#894=CIRCLE('',#2550,0.250000000000057);
#895=CIRCLE('',#2553,0.250000000000001);
#896=CIRCLE('',#2554,0.25);
#897=CIRCLE('',#2555,0.5);
#898=CIRCLE('',#2557,0.25);
#899=CIRCLE('',#2559,0.250000000000057);
#900=CIRCLE('',#2560,1.75);
#901=CIRCLE('',#2561,2.);
#902=CIRCLE('',#2563,0.250000000000004);
#903=CIRCLE('',#2564,0.5);
#904=CIRCLE('',#2565,0.25);
#905=CIRCLE('',#2567,0.250000000000004);
#906=CIRCLE('',#2569,0.250000000000004);
#907=CIRCLE('',#2570,2.);
#908=CIRCLE('',#2571,1.75);
#909=CIRCLE('',#2574,0.500000000000043);
#910=CIRCLE('',#2579,0.5);
#911=CIRCLE('',#2582,0.5);
#912=CIRCLE('',#2584,0.499999999999972);
#913=CIRCLE('',#2586,0.499999999999989);
#914=CIRCLE('',#2587,0.5);
#915=CIRCLE('',#2589,0.500000000000007);
#916=CIRCLE('',#2591,0.500000000000043);
#917=CIRCLE('',#2592,0.5);
#918=CIRCLE('',#2594,0.499999999999972);
#919=CIRCLE('',#2596,0.499999999999989);
#920=CIRCLE('',#2597,0.5);
#921=CIRCLE('',#2599,0.500000000000007);
#922=CIRCLE('',#2601,0.5);
#923=CIRCLE('',#2603,0.500000000000007);
#924=CIRCLE('',#2606,0.499999999999972);
#925=CIRCLE('',#2609,0.500000000000007);
#926=CIRCLE('',#2612,0.499999999999972);
#927=CIRCLE('',#2615,0.499999999999972);
#928=CIRCLE('',#2616,0.5);
#929=CIRCLE('',#2618,0.500000000000007);
#930=CIRCLE('',#2619,0.5);
#931=CIRCLE('',#2622,0.500000000000007);
#932=CIRCLE('',#2623,0.5);
#933=CIRCLE('',#2625,0.499999999999972);
#934=CIRCLE('',#2626,0.5);
#935=CIRCLE('',#2634,1.00000000000001);
#936=CIRCLE('',#2636,1.00000000000001);
#937=CIRCLE('',#2637,0.999999999999996);
#938=CIRCLE('',#2639,0.999999999999996);
#939=CIRCLE('',#2645,1.);
#940=CIRCLE('',#2648,1.);
#941=CIRCLE('',#2650,1.49999999999999);
#942=CIRCLE('',#2651,1.5);
#943=CIRCLE('',#2652,3.);
#944=CIRCLE('',#2654,1.49999999999999);
#945=CIRCLE('',#2655,1.5);
#946=CIRCLE('',#2657,1.49999999999998);
#947=CIRCLE('',#2658,1.50000000000001);
#948=CIRCLE('',#2660,1.50000000000001);
#949=CIRCLE('',#2667,0.75);
#950=CIRCLE('',#2669,1.5);
#951=CIRCLE('',#2672,1.5);
#952=CIRCLE('',#2674,0.5);
#953=CIRCLE('',#2676,2.5);
#954=CIRCLE('',#2682,0.5);
#955=CIRCLE('',#2684,0.500000000000007);
#956=CIRCLE('',#2685,0.499999999999972);
#957=CIRCLE('',#2687,2.5);
#958=CIRCLE('',#2689,0.75);
#959=CIRCLE('',#2690,3.25);
#960=CIRCLE('',#2693,0.750000000000002);
#961=CIRCLE('',#2696,0.750000000000002);
#962=CIRCLE('',#2700,5.);
#963=CIRCLE('',#2701,5.);
#964=CIRCLE('',#2702,5.);
#965=CIRCLE('',#2704,1.00000000000001);
#966=CIRCLE('',#2705,0.499999999999972);
#967=CIRCLE('',#2706,0.500000000000007);
#968=CIRCLE('',#2707,0.5);
#969=CIRCLE('',#2712,0.5);
#970=CIRCLE('',#2714,5.);
#971=CIRCLE('',#2715,5.);
#972=CIRCLE('',#2718,1.5);
#973=CIRCLE('',#2721,2.5);
#974=CIRCLE('',#2722,2.5);
#975=CIRCLE('',#2723,2.5);
#976=CIRCLE('',#2725,2.5);
#977=CIRCLE('',#2726,2.5);
#978=CIRCLE('',#2727,2.5);
#979=CIRCLE('',#2734,2.5);
#980=CIRCLE('',#2736,2.5);
#981=CIRCLE('',#2738,2.5);
#982=CIRCLE('',#2740,2.5);
#983=CIRCLE('',#2745,2.5);
#984=CIRCLE('',#2746,2.5);
#985=CIRCLE('',#2747,2.5);
#986=CIRCLE('',#2751,2.5);
#987=CIRCLE('',#2752,2.5);
#988=CIRCLE('',#2753,2.5);
#989=CIRCLE('',#2756,2.5);
#990=CIRCLE('',#2757,2.5);
#991=CIRCLE('',#2758,2.5);
#992=CIRCLE('',#2761,2.5);
#993=CIRCLE('',#2763,5.);
#994=CIRCLE('',#2764,2.5);
#995=CIRCLE('',#2766,2.5);
#996=CIRCLE('',#2767,2.5);
#997=CIRCLE('',#2768,2.5);
#998=CIRCLE('',#2772,2.5);
#999=CIRCLE('',#2774,2.5);
#1000=CIRCLE('',#2775,5.);
#1001=CIRCLE('',#2786,1.);
#1002=CIRCLE('',#2787,1.);
#1003=VERTEX_POINT('',#3593);
#1004=VERTEX_POINT('',#3594);
#1005=VERTEX_POINT('',#3596);
#1006=VERTEX_POINT('',#3600);
#1007=VERTEX_POINT('',#3601);
#1008=VERTEX_POINT('',#3614);
#1009=VERTEX_POINT('',#3616);
#1010=VERTEX_POINT('',#3618);
#1011=VERTEX_POINT('',#3630);
#1012=VERTEX_POINT('',#3631);
#1013=VERTEX_POINT('',#3633);
#1014=VERTEX_POINT('',#3637);
#1015=VERTEX_POINT('',#3638);
#1016=VERTEX_POINT('',#3643);
#1017=VERTEX_POINT('',#3644);
#1018=VERTEX_POINT('',#3646);
#1019=VERTEX_POINT('',#3651);
#1020=VERTEX_POINT('',#3658);
#1021=VERTEX_POINT('',#3663);
#1022=VERTEX_POINT('',#3664);
#1023=VERTEX_POINT('',#3713);
#1024=VERTEX_POINT('',#3714);
#1025=VERTEX_POINT('',#3725);
#1026=VERTEX_POINT('',#3734);
#1027=VERTEX_POINT('',#3747);
#1028=VERTEX_POINT('',#3749);
#1029=VERTEX_POINT('',#3756);
#1030=VERTEX_POINT('',#3758);
#1031=VERTEX_POINT('',#3760);
#1032=VERTEX_POINT('',#3766);
#1033=VERTEX_POINT('',#3768);
#1034=VERTEX_POINT('',#3770);
#1035=VERTEX_POINT('',#3774);
#1036=VERTEX_POINT('',#3786);
#1037=VERTEX_POINT('',#3819);
#1038=VERTEX_POINT('',#3821);
#1039=VERTEX_POINT('',#3834);
#1040=VERTEX_POINT('',#3836);
#1041=VERTEX_POINT('',#3847);
#1042=VERTEX_POINT('',#3852);
#1043=VERTEX_POINT('',#3863);
#1044=VERTEX_POINT('',#3865);
#1045=VERTEX_POINT('',#3867);
#1046=VERTEX_POINT('',#3871);
#1047=VERTEX_POINT('',#3880);
#1048=VERTEX_POINT('',#3884);
#1049=VERTEX_POINT('',#3886);
#1050=VERTEX_POINT('',#3890);
#1051=VERTEX_POINT('',#3892);
#1052=VERTEX_POINT('',#3894);
#1053=VERTEX_POINT('',#3896);
#1054=VERTEX_POINT('',#3898);
#1055=VERTEX_POINT('',#3900);
#1056=VERTEX_POINT('',#3903);
#1057=VERTEX_POINT('',#3905);
#1058=VERTEX_POINT('',#3907);
#1059=VERTEX_POINT('',#3909);
#1060=VERTEX_POINT('',#3911);
#1061=VERTEX_POINT('',#3913);
#1062=VERTEX_POINT('',#3915);
#1063=VERTEX_POINT('',#3917);
#1064=VERTEX_POINT('',#3919);
#1065=VERTEX_POINT('',#3921);
#1066=VERTEX_POINT('',#3923);
#1067=VERTEX_POINT('',#3925);
#1068=VERTEX_POINT('',#3927);
#1069=VERTEX_POINT('',#3929);
#1070=VERTEX_POINT('',#3936);
#1071=VERTEX_POINT('',#3937);
#1072=VERTEX_POINT('',#3939);
#1073=VERTEX_POINT('',#3941);
#1074=VERTEX_POINT('',#3945);
#1075=VERTEX_POINT('',#3946);
#1076=VERTEX_POINT('',#3948);
#1077=VERTEX_POINT('',#3950);
#1078=VERTEX_POINT('',#3965);
#1079=VERTEX_POINT('',#3970);
#1080=VERTEX_POINT('',#3974);
#1081=VERTEX_POINT('',#3975);
#1082=VERTEX_POINT('',#3980);
#1083=VERTEX_POINT('',#3981);
#1084=VERTEX_POINT('',#4003);
#1085=VERTEX_POINT('',#4008);
#1086=VERTEX_POINT('',#4012);
#1087=VERTEX_POINT('',#4013);
#1088=VERTEX_POINT('',#4018);
#1089=VERTEX_POINT('',#4019);
#1090=VERTEX_POINT('',#4033);
#1091=VERTEX_POINT('',#4037);
#1092=VERTEX_POINT('',#4042);
#1093=VERTEX_POINT('',#4044);
#1094=VERTEX_POINT('',#4046);
#1095=VERTEX_POINT('',#4050);
#1096=VERTEX_POINT('',#4054);
#1097=VERTEX_POINT('',#4060);
#1098=VERTEX_POINT('',#4064);
#1099=VERTEX_POINT('',#4068);
#1100=VERTEX_POINT('',#4072);
#1101=VERTEX_POINT('',#4076);
#1102=VERTEX_POINT('',#4080);
#1103=VERTEX_POINT('',#4084);
#1104=VERTEX_POINT('',#4090);
#1105=VERTEX_POINT('',#4092);
#1106=VERTEX_POINT('',#4096);
#1107=VERTEX_POINT('',#4100);
#1108=VERTEX_POINT('',#4104);
#1109=VERTEX_POINT('',#4108);
#1110=VERTEX_POINT('',#4112);
#1111=VERTEX_POINT('',#4116);
#1112=VERTEX_POINT('',#4122);
#1113=VERTEX_POINT('',#4126);
#1114=VERTEX_POINT('',#4132);
#1115=VERTEX_POINT('',#4136);
#1116=VERTEX_POINT('',#4179);
#1117=VERTEX_POINT('',#4243);
#1118=VERTEX_POINT('',#4276);
#1119=VERTEX_POINT('',#4277);
#1120=VERTEX_POINT('',#4286);
#1121=VERTEX_POINT('',#4290);
#1122=VERTEX_POINT('',#4294);
#1123=VERTEX_POINT('',#4298);
#1124=VERTEX_POINT('',#4299);
#1125=VERTEX_POINT('',#4301);
#1126=VERTEX_POINT('',#4303);
#1127=VERTEX_POINT('',#4314);
#1128=VERTEX_POINT('',#4318);
#1129=VERTEX_POINT('',#4322);
#1130=VERTEX_POINT('',#4323);
#1131=VERTEX_POINT('',#4389);
#1132=VERTEX_POINT('',#4395);
#1133=VERTEX_POINT('',#4397);
#1134=VERTEX_POINT('',#4399);
#1135=VERTEX_POINT('',#4401);
#1136=VERTEX_POINT('',#4414);
#1137=VERTEX_POINT('',#4416);
#1138=VERTEX_POINT('',#4418);
#1139=VERTEX_POINT('',#4427);
#1140=VERTEX_POINT('',#4428);
#1141=VERTEX_POINT('',#4430);
#1142=VERTEX_POINT('',#4444);
#1143=VERTEX_POINT('',#4448);
#1144=VERTEX_POINT('',#4449);
#1145=VERTEX_POINT('',#4457);
#1146=VERTEX_POINT('',#4464);
#1147=VERTEX_POINT('',#4484);
#1148=VERTEX_POINT('',#4486);
#1149=VERTEX_POINT('',#4488);
#1150=VERTEX_POINT('',#4492);
#1151=VERTEX_POINT('',#4494);
#1152=VERTEX_POINT('',#4496);
#1153=VERTEX_POINT('',#4507);
#1154=VERTEX_POINT('',#4509);
#1155=VERTEX_POINT('',#4511);
#1156=VERTEX_POINT('',#4513);
#1157=VERTEX_POINT('',#4524);
#1158=VERTEX_POINT('',#4526);
#1159=VERTEX_POINT('',#4537);
#1160=VERTEX_POINT('',#4541);
#1161=VERTEX_POINT('',#4545);
#1162=VERTEX_POINT('',#4547);
#1163=VERTEX_POINT('',#4553);
#1164=VERTEX_POINT('',#4557);
#1165=VERTEX_POINT('',#4559);
#1166=VERTEX_POINT('',#4563);
#1167=VERTEX_POINT('',#4564);
#1168=VERTEX_POINT('',#4580);
#1169=VERTEX_POINT('',#4593);
#1170=VERTEX_POINT('',#4595);
#1171=VERTEX_POINT('',#4597);
#1172=VERTEX_POINT('',#4599);
#1173=VERTEX_POINT('',#4602);
#1174=VERTEX_POINT('',#4604);
#1175=VERTEX_POINT('',#4608);
#1176=VERTEX_POINT('',#4609);
#1177=VERTEX_POINT('',#4612);
#1178=VERTEX_POINT('',#4620);
#1179=VERTEX_POINT('',#4631);
#1180=VERTEX_POINT('',#4632);
#1181=VERTEX_POINT('',#4638);
#1182=VERTEX_POINT('',#4640);
#1183=VERTEX_POINT('',#4642);
#1184=VERTEX_POINT('',#4646);
#1185=VERTEX_POINT('',#4653);
#1186=VERTEX_POINT('',#4655);
#1187=VERTEX_POINT('',#4659);
#1188=VERTEX_POINT('',#4660);
#1189=VERTEX_POINT('',#4665);
#1190=VERTEX_POINT('',#4669);
#1191=VERTEX_POINT('',#4676);
#1192=VERTEX_POINT('',#4682);
#1193=VERTEX_POINT('',#4693);
#1194=VERTEX_POINT('',#4695);
#1195=VERTEX_POINT('',#4699);
#1196=VERTEX_POINT('',#4703);
#1197=VERTEX_POINT('',#4705);
#1198=VERTEX_POINT('',#4711);
#1199=VERTEX_POINT('',#4712);
#1200=VERTEX_POINT('',#4714);
#1201=VERTEX_POINT('',#4721);
#1202=VERTEX_POINT('',#4722);
#1203=VERTEX_POINT('',#4730);
#1204=VERTEX_POINT('',#4731);
#1205=VERTEX_POINT('',#4733);
#1206=VERTEX_POINT('',#4743);
#1207=VERTEX_POINT('',#4744);
#1208=VERTEX_POINT('',#4752);
#1209=VERTEX_POINT('',#4765);
#1210=VERTEX_POINT('',#4767);
#1211=VERTEX_POINT('',#4769);
#1212=EDGE_CURVE('',#1003,#1004,#856,.F.);
#1213=EDGE_CURVE('',#1005,#1003,#857,.F.);
#1214=EDGE_CURVE('',#1004,#1005,#858,.F.);
#1215=EDGE_CURVE('',#1006,#1007,#489,.T.);
#1216=EDGE_CURVE('',#1006,#1008,#859,.T.);
#1217=EDGE_CURVE('',#1008,#1009,#860,.T.);
#1218=EDGE_CURVE('',#1009,#1010,#861,.T.);
#1219=EDGE_CURVE('',#1010,#1007,#490,.T.);
#1220=EDGE_CURVE('',#1003,#1009,#79,.T.);
#1221=EDGE_CURVE('',#1008,#1005,#80,.T.);
#1222=EDGE_CURVE('',#1011,#1012,#862,.T.);
#1223=EDGE_CURVE('',#1013,#1012,#863,.F.);
#1224=EDGE_CURVE('',#1011,#1013,#864,.F.);
#1225=EDGE_CURVE('',#1014,#1015,#865,.T.);
#1226=EDGE_CURVE('',#1015,#1013,#81,.T.);
#1227=EDGE_CURVE('',#1014,#1012,#82,.T.);
#1228=EDGE_CURVE('',#1016,#1017,#866,.T.);
#1229=EDGE_CURVE('',#1018,#1017,#867,.F.);
#1230=EDGE_CURVE('',#1016,#1018,#868,.F.);
#1231=EDGE_CURVE('',#1013,#1018,#83,.T.);
#1232=EDGE_CURVE('',#1019,#1017,#84,.T.);
#1233=EDGE_CURVE('',#1019,#1011,#85,.T.);
#1234=EDGE_CURVE('',#1018,#1004,#86,.T.);
#1235=EDGE_CURVE('',#1005,#1016,#87,.T.);
#1236=EDGE_CURVE('',#1015,#1020,#869,.T.);
#1237=EDGE_CURVE('',#1020,#1003,#88,.T.);
#1238=EDGE_CURVE('',#1004,#1015,#89,.T.);
#1239=EDGE_CURVE('',#1021,#1022,#491,.T.);
#1240=EDGE_CURVE('',#1021,#1017,#870,.T.);
#1241=EDGE_CURVE('',#1016,#1022,#871,.T.);
#1242=EDGE_CURVE('',#1023,#1024,#492,.F.);
#1243=EDGE_CURVE('',#1024,#1025,#493,.T.);
#1244=EDGE_CURVE('',#1025,#1026,#872,.T.);
#1245=EDGE_CURVE('',#1026,#1023,#494,.T.);
#1246=EDGE_CURVE('',#1011,#1026,#873,.T.);
#1247=EDGE_CURVE('',#1025,#1012,#874,.T.);
#1248=EDGE_CURVE('',#1027,#1014,#875,.T.);
#1249=EDGE_CURVE('',#1028,#1027,#495,.T.);
#1250=EDGE_CURVE('',#1028,#1020,#876,.T.);
#1251=EDGE_CURVE('',#1007,#1029,#52,.T.);
#1252=EDGE_CURVE('',#1030,#1010,#90,.T.);
#1253=EDGE_CURVE('',#1031,#1030,#496,.T.);
#1254=EDGE_CURVE('',#1031,#1032,#91,.T.);
#1255=EDGE_CURVE('',#1033,#1032,#53,.T.);
#1256=EDGE_CURVE('',#1033,#1034,#92,.T.);
#1257=EDGE_CURVE('',#1029,#1034,#54,.T.);
#1258=EDGE_CURVE('',#1009,#1035,#93,.T.);
#1259=EDGE_CURVE('',#1035,#1030,#877,.T.);
#1260=EDGE_CURVE('',#1035,#1020,#94,.T.);
#1261=EDGE_CURVE('',#1035,#1028,#497,.T.);
#1262=EDGE_CURVE('',#1024,#1036,#95,.T.);
#1263=EDGE_CURVE('',#1036,#1014,#878,.T.);
#1264=EDGE_CURVE('',#1031,#1027,#879,.T.);
#1265=EDGE_CURVE('',#1036,#1031,#880,.T.);
#1266=EDGE_CURVE('',#1026,#1037,#96,.F.);
#1267=EDGE_CURVE('',#1037,#1038,#498,.T.);
#1268=EDGE_CURVE('',#1038,#1039,#97,.T.);
#1269=EDGE_CURVE('',#1040,#1039,#499,.T.);
#1270=EDGE_CURVE('',#1023,#1040,#98,.T.);
#1271=EDGE_CURVE('',#1021,#1041,#99,.T.);
#1272=EDGE_CURVE('',#1041,#1019,#881,.T.);
#1273=EDGE_CURVE('',#1037,#1019,#882,.T.);
#1274=EDGE_CURVE('',#1041,#1042,#883,.T.);
#1275=EDGE_CURVE('',#1038,#1042,#500,.T.);
#1276=EDGE_CURVE('',#1039,#1043,#55,.T.);
#1277=EDGE_CURVE('',#1043,#1044,#100,.T.);
#1278=EDGE_CURVE('',#1044,#1045,#884,.T.);
#1279=EDGE_CURVE('',#1045,#1040,#101,.T.);
#1280=EDGE_CURVE('',#1042,#1046,#501,.F.);
#1281=EDGE_CURVE('',#1046,#1047,#885,.F.);
#1282=EDGE_CURVE('',#1047,#1043,#102,.T.);
#1283=EDGE_CURVE('',#1048,#1041,#103,.T.);
#1284=EDGE_CURVE('',#1048,#1049,#886,.F.);
#1285=EDGE_CURVE('',#1049,#1046,#104,.T.);
#1286=EDGE_CURVE('',#1050,#1045,#887,.T.);
#1287=EDGE_CURVE('',#1050,#1051,#105,.T.);
#1288=EDGE_CURVE('',#1052,#1051,#106,.T.);
#1289=EDGE_CURVE('',#1053,#1052,#888,.T.);
#1290=EDGE_CURVE('',#1054,#1053,#107,.T.);
#1291=EDGE_CURVE('',#1055,#1054,#108,.T.);
#1292=EDGE_CURVE('',#1055,#1048,#109,.T.);
#1293=EDGE_CURVE('',#1056,#1022,#110,.T.);
#1294=EDGE_CURVE('',#1057,#1056,#111,.T.);
#1295=EDGE_CURVE('',#1058,#1057,#112,.T.);
#1296=EDGE_CURVE('',#1059,#1058,#113,.T.);
#1297=EDGE_CURVE('',#1060,#1059,#114,.T.);
#1298=EDGE_CURVE('',#1061,#1060,#889,.T.);
#1299=EDGE_CURVE('',#1062,#1061,#115,.T.);
#1300=EDGE_CURVE('',#1063,#1062,#890,.T.);
#1301=EDGE_CURVE('',#1064,#1063,#116,.T.);
#1302=EDGE_CURVE('',#1065,#1064,#891,.T.);
#1303=EDGE_CURVE('',#1066,#1065,#117,.T.);
#1304=EDGE_CURVE('',#1067,#1066,#892,.T.);
#1305=EDGE_CURVE('',#1068,#1067,#118,.T.);
#1306=EDGE_CURVE('',#1069,#1068,#119,.T.);
#1307=EDGE_CURVE('',#1032,#1069,#120,.T.);
#1308=EDGE_CURVE('',#1022,#1006,#121,.T.);
#1309=EDGE_CURVE('',#1070,#1071,#122,.T.);
#1310=EDGE_CURVE('',#1071,#1072,#893,.T.);
#1311=EDGE_CURVE('',#1072,#1073,#123,.T.);
#1312=EDGE_CURVE('',#1073,#1070,#56,.T.);
#1313=EDGE_CURVE('',#1074,#1075,#124,.T.);
#1314=EDGE_CURVE('',#1075,#1076,#894,.T.);
#1315=EDGE_CURVE('',#1076,#1077,#125,.T.);
#1316=EDGE_CURVE('',#1077,#1074,#57,.T.);
#1317=EDGE_CURVE('',#1073,#1074,#126,.T.);
#1318=EDGE_CURVE('',#1077,#1070,#127,.T.);
#1319=EDGE_CURVE('',#1059,#1078,#895,.T.);
#1320=EDGE_CURVE('',#1078,#1076,#896,.T.);
#1321=EDGE_CURVE('',#1075,#1059,#897,.T.);
#1322=EDGE_CURVE('',#1058,#1079,#898,.T.);
#1323=EDGE_CURVE('',#1079,#1078,#128,.T.);
#1324=EDGE_CURVE('',#1080,#1081,#899,.T.);
#1325=EDGE_CURVE('',#1081,#1079,#900,.T.);
#1326=EDGE_CURVE('',#1058,#1080,#901,.T.);
#1327=EDGE_CURVE('',#1082,#1083,#502,.F.);
#1328=EDGE_CURVE('',#1083,#1081,#129,.T.);
#1329=EDGE_CURVE('',#1080,#1082,#130,.T.);
#1330=EDGE_CURVE('',#1084,#1068,#902,.T.);
#1331=EDGE_CURVE('',#1068,#1072,#903,.T.);
#1332=EDGE_CURVE('',#1071,#1084,#904,.T.);
#1333=EDGE_CURVE('',#1085,#1069,#905,.T.);
#1334=EDGE_CURVE('',#1084,#1085,#131,.T.);
#1335=EDGE_CURVE('',#1086,#1087,#906,.T.);
#1336=EDGE_CURVE('',#1087,#1069,#907,.T.);
#1337=EDGE_CURVE('',#1085,#1086,#908,.T.);
#1338=EDGE_CURVE('',#1088,#1089,#503,.F.);
#1339=EDGE_CURVE('',#1089,#1087,#132,.T.);
#1340=EDGE_CURVE('',#1086,#1088,#133,.T.);
#1341=EDGE_CURVE('',#1090,#1067,#909,.T.);
#1342=EDGE_CURVE('',#1090,#1072,#134,.T.);
#1343=EDGE_CURVE('',#1087,#1091,#135,.T.);
#1344=EDGE_CURVE('',#1032,#1091,#58,.T.);
#1345=EDGE_CURVE('',#1082,#1089,#136,.T.);
#1346=EDGE_CURVE('',#1092,#1080,#137,.T.);
#1347=EDGE_CURVE('',#1093,#1092,#138,.T.);
#1348=EDGE_CURVE('',#1094,#1093,#139,.T.);
#1349=EDGE_CURVE('',#1091,#1094,#140,.T.);
#1350=EDGE_CURVE('',#1070,#1095,#141,.T.);
#1351=EDGE_CURVE('',#1088,#1095,#910,.F.);
#1352=EDGE_CURVE('',#1096,#1077,#142,.T.);
#1353=EDGE_CURVE('',#1095,#1096,#143,.T.);
#1354=EDGE_CURVE('',#1083,#1096,#911,.T.);
#1355=EDGE_CURVE('',#1075,#1097,#144,.T.);
#1356=EDGE_CURVE('',#1097,#1060,#912,.T.);
#1357=EDGE_CURVE('',#1098,#1061,#913,.T.);
#1358=EDGE_CURVE('',#1097,#1098,#914,.T.);
#1359=EDGE_CURVE('',#1099,#1062,#915,.T.);
#1360=EDGE_CURVE('',#1098,#1099,#145,.T.);
#1361=EDGE_CURVE('',#1100,#1063,#916,.T.);
#1362=EDGE_CURVE('',#1099,#1100,#917,.T.);
#1363=EDGE_CURVE('',#1101,#1064,#918,.T.);
#1364=EDGE_CURVE('',#1100,#1101,#146,.T.);
#1365=EDGE_CURVE('',#1102,#1065,#919,.T.);
#1366=EDGE_CURVE('',#1101,#1102,#920,.T.);
#1367=EDGE_CURVE('',#1103,#1066,#921,.T.);
#1368=EDGE_CURVE('',#1102,#1103,#147,.T.);
#1369=EDGE_CURVE('',#1103,#1090,#922,.T.);
#1370=EDGE_CURVE('',#1103,#1104,#148,.T.);
#1371=EDGE_CURVE('',#1104,#1105,#923,.F.);
#1372=EDGE_CURVE('',#1105,#1090,#149,.T.);
#1373=EDGE_CURVE('',#1106,#1102,#150,.T.);
#1374=EDGE_CURVE('',#1104,#1106,#151,.T.);
#1375=EDGE_CURVE('',#1101,#1107,#152,.T.);
#1376=EDGE_CURVE('',#1107,#1106,#924,.F.);
#1377=EDGE_CURVE('',#1108,#1100,#153,.T.);
#1378=EDGE_CURVE('',#1107,#1108,#154,.T.);
#1379=EDGE_CURVE('',#1099,#1109,#155,.T.);
#1380=EDGE_CURVE('',#1109,#1108,#925,.F.);
#1381=EDGE_CURVE('',#1110,#1098,#156,.T.);
#1382=EDGE_CURVE('',#1109,#1110,#157,.T.);
#1383=EDGE_CURVE('',#1097,#1111,#158,.T.);
#1384=EDGE_CURVE('',#1111,#1110,#926,.F.);
#1385=EDGE_CURVE('',#1111,#1105,#159,.T.);
#1386=EDGE_CURVE('',#1105,#1112,#927,.F.);
#1387=EDGE_CURVE('',#1112,#1104,#928,.F.);
#1388=EDGE_CURVE('',#1110,#1113,#929,.F.);
#1389=EDGE_CURVE('',#1113,#1111,#930,.F.);
#1390=EDGE_CURVE('',#1112,#1113,#160,.T.);
#1391=EDGE_CURVE('',#1106,#1114,#931,.F.);
#1392=EDGE_CURVE('',#1114,#1107,#932,.F.);
#1393=EDGE_CURVE('',#1108,#1115,#933,.F.);
#1394=EDGE_CURVE('',#1115,#1109,#934,.F.);
#1395=EDGE_CURVE('',#1113,#1115,#161,.T.);
#1396=EDGE_CURVE('',#1115,#1114,#162,.T.);
#1397=EDGE_CURVE('',#1114,#1112,#163,.T.);
#1398=EDGE_CURVE('',#1092,#1057,#59,.T.);
#1399=EDGE_CURVE('',#1116,#1092,#935,.T.);
#1400=EDGE_CURVE('',#1057,#1116,#60,.T.);
#1401=EDGE_CURVE('',#1091,#1033,#936,.T.);
#1402=EDGE_CURVE('',#1034,#1117,#937,.T.);
#1403=EDGE_CURVE('',#1117,#1029,#61,.T.);
#1404=EDGE_CURVE('',#1118,#1119,#938,.T.);
#1405=EDGE_CURVE('',#1119,#1056,#62,.T.);
#1406=EDGE_CURVE('',#1056,#1118,#63,.T.);
#1407=EDGE_CURVE('',#1119,#1116,#164,.T.);
#1408=EDGE_CURVE('',#1117,#1118,#165,.T.);
#1409=EDGE_CURVE('',#1116,#1120,#166,.T.);
#1410=EDGE_CURVE('',#1120,#1093,#939,.T.);
#1411=EDGE_CURVE('',#1121,#1119,#167,.T.);
#1412=EDGE_CURVE('',#1120,#1121,#168,.T.);
#1413=EDGE_CURVE('',#1118,#1122,#169,.T.);
#1414=EDGE_CURVE('',#1122,#1121,#940,.T.);
#1415=EDGE_CURVE('',#1123,#1124,#941,.T.);
#1416=EDGE_CURVE('',#1124,#1125,#942,.T.);
#1417=EDGE_CURVE('',#1125,#1126,#504,.F.);
#1418=EDGE_CURVE('',#1126,#1123,#943,.T.);
#1419=EDGE_CURVE('',#1127,#1050,#944,.T.);
#1420=EDGE_CURVE('',#1044,#1127,#945,.T.);
#1421=EDGE_CURVE('',#1127,#1128,#946,.T.);
#1422=EDGE_CURVE('',#1128,#1050,#947,.T.);
#1423=EDGE_CURVE('',#1129,#1130,#948,.T.);
#1424=EDGE_CURVE('',#1130,#1128,#170,.T.);
#1425=EDGE_CURVE('',#1127,#1129,#171,.T.);
#1426=EDGE_CURVE('',#1124,#1129,#64,.T.);
#1427=EDGE_CURVE('',#1123,#1130,#505,.T.);
#1428=EDGE_CURVE('',#1131,#1124,#65,.T.);
#1429=EDGE_CURVE('',#1131,#1125,#172,.T.);
#1430=EDGE_CURVE('',#1044,#1131,#173,.T.);
#1431=EDGE_CURVE('',#1132,#1043,#174,.T.);
#1432=EDGE_CURVE('',#1133,#1132,#175,.T.);
#1433=EDGE_CURVE('',#1134,#1133,#176,.T.);
#1434=EDGE_CURVE('',#1135,#1134,#506,.F.);
#1435=EDGE_CURVE('',#1135,#1131,#177,.T.);
#1436=EDGE_CURVE('',#1047,#1136,#178,.T.);
#1437=EDGE_CURVE('',#1136,#1137,#949,.T.);
#1438=EDGE_CURVE('',#1137,#1138,#507,.T.);
#1439=EDGE_CURVE('',#1132,#1138,#179,.T.);
#1440=EDGE_CURVE('',#1139,#1140,#180,.T.);
#1441=EDGE_CURVE('',#1141,#1140,#950,.T.);
#1442=EDGE_CURVE('',#1055,#1141,#508,.T.);
#1443=EDGE_CURVE('',#1054,#1139,#66,.T.);
#1444=EDGE_CURVE('',#1053,#1142,#951,.T.);
#1445=EDGE_CURVE('',#1142,#1139,#181,.T.);
#1446=EDGE_CURVE('',#1143,#1144,#509,.T.);
#1447=EDGE_CURVE('',#1144,#1142,#952,.T.);
#1448=EDGE_CURVE('',#1052,#1145,#510,.T.);
#1449=EDGE_CURVE('',#1145,#1146,#511,.T.);
#1450=EDGE_CURVE('',#1146,#1143,#512,.T.);
#1451=EDGE_CURVE('',#1147,#1139,#182,.T.);
#1452=EDGE_CURVE('',#1148,#1147,#183,.T.);
#1453=EDGE_CURVE('',#1148,#1149,#953,.T.);
#1454=EDGE_CURVE('',#1149,#1140,#184,.T.);
#1455=EDGE_CURVE('',#1150,#1142,#185,.T.);
#1456=EDGE_CURVE('',#1150,#1151,#186,.T.);
#1457=EDGE_CURVE('',#1152,#1151,#513,.F.);
#1458=EDGE_CURVE('',#1153,#1152,#187,.T.);
#1459=EDGE_CURVE('',#1154,#1153,#188,.T.);
#1460=EDGE_CURVE('',#1155,#1154,#189,.T.);
#1461=EDGE_CURVE('',#1156,#1155,#514,.F.);
#1462=EDGE_CURVE('',#1156,#1157,#190,.T.);
#1463=EDGE_CURVE('',#1158,#1157,#515,.F.);
#1464=EDGE_CURVE('',#1159,#1158,#191,.T.);
#1465=EDGE_CURVE('',#1147,#1159,#192,.T.);
#1466=EDGE_CURVE('',#1144,#1160,#193,.T.);
#1467=EDGE_CURVE('',#1150,#1160,#67,.T.);
#1468=EDGE_CURVE('',#1161,#1143,#194,.T.);
#1469=EDGE_CURVE('',#1162,#1161,#195,.T.);
#1470=EDGE_CURVE('',#1160,#1162,#196,.T.);
#1471=EDGE_CURVE('',#1146,#1161,#954,.F.);
#1472=EDGE_CURVE('',#1163,#1145,#955,.F.);
#1473=EDGE_CURVE('',#1161,#1163,#956,.F.);
#1474=EDGE_CURVE('',#1148,#1164,#197,.T.);
#1475=EDGE_CURVE('',#1164,#1165,#957,.T.);
#1476=EDGE_CURVE('',#1165,#1149,#198,.T.);
#1477=EDGE_CURVE('',#1166,#1167,#516,.T.);
#1478=EDGE_CURVE('',#1166,#1165,#958,.T.);
#1479=EDGE_CURVE('',#1164,#1138,#959,.T.);
#1480=EDGE_CURVE('',#1167,#1137,#517,.T.);
#1481=EDGE_CURVE('',#1168,#1165,#199,.T.);
#1482=EDGE_CURVE('',#1141,#1168,#200,.T.);
#1483=EDGE_CURVE('',#1166,#1049,#201,.T.);
#1484=EDGE_CURVE('',#1049,#1168,#960,.F.);
#1485=EDGE_CURVE('',#1136,#1167,#202,.T.);
#1486=EDGE_CURVE('',#1168,#1048,#961,.F.);
#1487=EDGE_CURVE('',#1169,#1159,#203,.T.);
#1488=EDGE_CURVE('',#1170,#1169,#962,.T.);
#1489=EDGE_CURVE('',#1171,#1170,#204,.T.);
#1490=EDGE_CURVE('',#1172,#1171,#963,.T.);
#1491=EDGE_CURVE('',#1154,#1172,#205,.T.);
#1492=EDGE_CURVE('',#1173,#1153,#206,.T.);
#1493=EDGE_CURVE('',#1174,#1173,#964,.T.);
#1494=EDGE_CURVE('',#1133,#1174,#207,.T.);
#1495=EDGE_CURVE('',#1175,#1176,#965,.T.);
#1496=EDGE_CURVE('',#1162,#1176,#966,.T.);
#1497=EDGE_CURVE('',#1177,#1162,#967,.F.);
#1498=EDGE_CURVE('',#1175,#1177,#968,.T.);
#1499=EDGE_CURVE('',#1176,#1150,#208,.T.);
#1500=EDGE_CURVE('',#1163,#1177,#209,.T.);
#1501=EDGE_CURVE('',#1051,#1178,#518,.F.);
#1502=EDGE_CURVE('',#1178,#1163,#210,.T.);
#1503=EDGE_CURVE('',#1179,#1180,#969,.T.);
#1504=EDGE_CURVE('',#1179,#1175,#211,.T.);
#1505=EDGE_CURVE('',#1177,#1180,#212,.T.);
#1506=EDGE_CURVE('',#1179,#1126,#213,.T.);
#1507=EDGE_CURVE('',#1181,#1135,#970,.T.);
#1508=EDGE_CURVE('',#1182,#1181,#214,.T.);
#1509=EDGE_CURVE('',#1183,#1182,#215,.T.);
#1510=EDGE_CURVE('',#1151,#1183,#971,.T.);
#1511=EDGE_CURVE('',#1180,#1184,#216,.T.);
#1512=EDGE_CURVE('',#1128,#1184,#217,.T.);
#1513=EDGE_CURVE('',#1184,#1178,#972,.F.);
#1514=EDGE_CURVE('',#1185,#1182,#973,.F.);
#1515=EDGE_CURVE('',#1186,#1185,#974,.F.);
#1516=EDGE_CURVE('',#1182,#1186,#975,.F.);
#1517=EDGE_CURVE('',#1187,#1188,#976,.F.);
#1518=EDGE_CURVE('',#1174,#1187,#977,.T.);
#1519=EDGE_CURVE('',#1188,#1173,#978,.T.);
#1520=EDGE_CURVE('',#1133,#1189,#68,.T.);
#1521=EDGE_CURVE('',#1187,#1189,#218,.T.);
#1522=EDGE_CURVE('',#1190,#1153,#69,.T.);
#1523=EDGE_CURVE('',#1190,#1188,#219,.T.);
#1524=EDGE_CURVE('',#1185,#1187,#220,.T.);
#1525=EDGE_CURVE('',#1188,#1186,#221,.T.);
#1526=EDGE_CURVE('',#1191,#1183,#979,.T.);
#1527=EDGE_CURVE('',#1186,#1191,#222,.T.);
#1528=EDGE_CURVE('',#1191,#1152,#980,.T.);
#1529=EDGE_CURVE('',#1181,#1192,#981,.T.);
#1530=EDGE_CURVE('',#1192,#1185,#223,.T.);
#1531=EDGE_CURVE('',#1134,#1192,#982,.T.);
#1532=EDGE_CURVE('',#1191,#1190,#224,.T.);
#1533=EDGE_CURVE('',#1189,#1192,#225,.T.);
#1534=EDGE_CURVE('',#1193,#1169,#983,.T.);
#1535=EDGE_CURVE('',#1194,#1193,#984,.F.);
#1536=EDGE_CURVE('',#1170,#1194,#985,.T.);
#1537=EDGE_CURVE('',#1195,#1159,#70,.T.);
#1538=EDGE_CURVE('',#1195,#1193,#226,.T.);
#1539=EDGE_CURVE('',#1196,#1171,#986,.T.);
#1540=EDGE_CURVE('',#1197,#1196,#987,.F.);
#1541=EDGE_CURVE('',#1172,#1197,#988,.T.);
#1542=EDGE_CURVE('',#1194,#1196,#227,.T.);
#1543=EDGE_CURVE('',#1198,#1199,#989,.F.);
#1544=EDGE_CURVE('',#1200,#1198,#990,.F.);
#1545=EDGE_CURVE('',#1199,#1200,#991,.F.);
#1546=EDGE_CURVE('',#1198,#1194,#228,.T.);
#1547=EDGE_CURVE('',#1193,#1200,#229,.T.);
#1548=EDGE_CURVE('',#1201,#1202,#992,.T.);
#1549=EDGE_CURVE('',#1202,#1199,#230,.T.);
#1550=EDGE_CURVE('',#1200,#1201,#231,.T.);
#1551=EDGE_CURVE('',#1157,#1202,#993,.T.);
#1552=EDGE_CURVE('',#1201,#1158,#994,.T.);
#1553=EDGE_CURVE('',#1203,#1204,#995,.F.);
#1554=EDGE_CURVE('',#1205,#1203,#996,.F.);
#1555=EDGE_CURVE('',#1204,#1205,#997,.F.);
#1556=EDGE_CURVE('',#1203,#1197,#232,.T.);
#1557=EDGE_CURVE('',#1196,#1205,#233,.T.);
#1558=EDGE_CURVE('',#1199,#1204,#234,.T.);
#1559=EDGE_CURVE('',#1205,#1198,#235,.T.);
#1560=EDGE_CURVE('',#1206,#1207,#998,.T.);
#1561=EDGE_CURVE('',#1207,#1203,#236,.T.);
#1562=EDGE_CURVE('',#1204,#1206,#237,.T.);
#1563=EDGE_CURVE('',#1155,#1207,#999,.T.);
#1564=EDGE_CURVE('',#1206,#1156,#1000,.T.);
#1565=EDGE_CURVE('',#1154,#1208,#71,.T.);
#1566=EDGE_CURVE('',#1197,#1208,#238,.T.);
#1567=EDGE_CURVE('',#1201,#1195,#239,.T.);
#1568=EDGE_CURVE('',#1208,#1207,#240,.T.);
#1569=EDGE_CURVE('',#1122,#1209,#241,.T.);
#1570=EDGE_CURVE('',#1210,#1209,#1001,.T.);
#1571=EDGE_CURVE('',#1210,#1211,#242,.T.);
#1572=EDGE_CURVE('',#1094,#1211,#1002,.T.);
#1573=EDGE_CURVE('',#1034,#1210,#243,.T.);
#1574=EDGE_CURVE('',#1209,#1117,#244,.T.);
#1575=EDGE_CURVE('',#1211,#1033,#245,.T.);
#1576=ORIENTED_EDGE('',*,*,#1212,.F.);
#1577=ORIENTED_EDGE('',*,*,#1213,.F.);
#1578=ORIENTED_EDGE('',*,*,#1214,.F.);
#1579=ORIENTED_EDGE('',*,*,#1215,.F.);
#1580=ORIENTED_EDGE('',*,*,#1216,.T.);
#1581=ORIENTED_EDGE('',*,*,#1217,.T.);
#1582=ORIENTED_EDGE('',*,*,#1218,.T.);
#1583=ORIENTED_EDGE('',*,*,#1219,.T.);
#1584=ORIENTED_EDGE('',*,*,#1213,.T.);
#1585=ORIENTED_EDGE('',*,*,#1220,.T.);
#1586=ORIENTED_EDGE('',*,*,#1217,.F.);
#1587=ORIENTED_EDGE('',*,*,#1221,.T.);
#1588=ORIENTED_EDGE('',*,*,#1222,.T.);
#1589=ORIENTED_EDGE('',*,*,#1223,.F.);
#1590=ORIENTED_EDGE('',*,*,#1224,.F.);
#1591=ORIENTED_EDGE('',*,*,#1225,.T.);
#1592=ORIENTED_EDGE('',*,*,#1226,.T.);
#1593=ORIENTED_EDGE('',*,*,#1223,.T.);
#1594=ORIENTED_EDGE('',*,*,#1227,.F.);
#1595=ORIENTED_EDGE('',*,*,#1228,.T.);
#1596=ORIENTED_EDGE('',*,*,#1229,.F.);
#1597=ORIENTED_EDGE('',*,*,#1230,.F.);
#1598=ORIENTED_EDGE('',*,*,#1224,.T.);
#1599=ORIENTED_EDGE('',*,*,#1231,.T.);
#1600=ORIENTED_EDGE('',*,*,#1229,.T.);
#1601=ORIENTED_EDGE('',*,*,#1232,.F.);
#1602=ORIENTED_EDGE('',*,*,#1233,.T.);
#1603=ORIENTED_EDGE('',*,*,#1230,.T.);
#1604=ORIENTED_EDGE('',*,*,#1234,.T.);
#1605=ORIENTED_EDGE('',*,*,#1214,.T.);
#1606=ORIENTED_EDGE('',*,*,#1235,.T.);
#1607=ORIENTED_EDGE('',*,*,#1236,.T.);
#1608=ORIENTED_EDGE('',*,*,#1237,.T.);
#1609=ORIENTED_EDGE('',*,*,#1212,.T.);
#1610=ORIENTED_EDGE('',*,*,#1238,.T.);
#1611=ORIENTED_EDGE('',*,*,#1239,.F.);
#1612=ORIENTED_EDGE('',*,*,#1240,.T.);
#1613=ORIENTED_EDGE('',*,*,#1228,.F.);
#1614=ORIENTED_EDGE('',*,*,#1241,.T.);
#1615=ORIENTED_EDGE('',*,*,#1242,.T.);
#1616=ORIENTED_EDGE('',*,*,#1243,.T.);
#1617=ORIENTED_EDGE('',*,*,#1244,.T.);
#1618=ORIENTED_EDGE('',*,*,#1245,.T.);
#1619=ORIENTED_EDGE('',*,*,#1222,.F.);
#1620=ORIENTED_EDGE('',*,*,#1246,.T.);
#1621=ORIENTED_EDGE('',*,*,#1244,.F.);
#1622=ORIENTED_EDGE('',*,*,#1247,.T.);
#1623=ORIENTED_EDGE('',*,*,#1225,.F.);
#1624=ORIENTED_EDGE('',*,*,#1248,.F.);
#1625=ORIENTED_EDGE('',*,*,#1249,.F.);
#1626=ORIENTED_EDGE('',*,*,#1250,.T.);
#1627=ORIENTED_EDGE('',*,*,#1236,.F.);
#1628=ORIENTED_EDGE('',*,*,#1251,.F.);
#1629=ORIENTED_EDGE('',*,*,#1219,.F.);
#1630=ORIENTED_EDGE('',*,*,#1252,.F.);
#1631=ORIENTED_EDGE('',*,*,#1253,.F.);
#1632=ORIENTED_EDGE('',*,*,#1254,.T.);
#1633=ORIENTED_EDGE('',*,*,#1255,.F.);
#1634=ORIENTED_EDGE('',*,*,#1256,.T.);
#1635=ORIENTED_EDGE('',*,*,#1257,.F.);
#1636=ORIENTED_EDGE('',*,*,#1218,.F.);
#1637=ORIENTED_EDGE('',*,*,#1258,.T.);
#1638=ORIENTED_EDGE('',*,*,#1259,.T.);
#1639=ORIENTED_EDGE('',*,*,#1252,.T.);
#1640=ORIENTED_EDGE('',*,*,#1220,.F.);
#1641=ORIENTED_EDGE('',*,*,#1237,.F.);
#1642=ORIENTED_EDGE('',*,*,#1260,.F.);
#1643=ORIENTED_EDGE('',*,*,#1258,.F.);
#1644=ORIENTED_EDGE('',*,*,#1250,.F.);
#1645=ORIENTED_EDGE('',*,*,#1261,.F.);
#1646=ORIENTED_EDGE('',*,*,#1260,.T.);
#1647=ORIENTED_EDGE('',*,*,#1247,.F.);
#1648=ORIENTED_EDGE('',*,*,#1243,.F.);
#1649=ORIENTED_EDGE('',*,*,#1262,.T.);
#1650=ORIENTED_EDGE('',*,*,#1263,.T.);
#1651=ORIENTED_EDGE('',*,*,#1227,.T.);
#1652=ORIENTED_EDGE('',*,*,#1226,.F.);
#1653=ORIENTED_EDGE('',*,*,#1238,.F.);
#1654=ORIENTED_EDGE('',*,*,#1234,.F.);
#1655=ORIENTED_EDGE('',*,*,#1231,.F.);
#1656=ORIENTED_EDGE('',*,*,#1264,.T.);
#1657=ORIENTED_EDGE('',*,*,#1248,.T.);
#1658=ORIENTED_EDGE('',*,*,#1263,.F.);
#1659=ORIENTED_EDGE('',*,*,#1265,.T.);
#1660=ORIENTED_EDGE('',*,*,#1259,.F.);
#1661=ORIENTED_EDGE('',*,*,#1261,.T.);
#1662=ORIENTED_EDGE('',*,*,#1249,.T.);
#1663=ORIENTED_EDGE('',*,*,#1264,.F.);
#1664=ORIENTED_EDGE('',*,*,#1253,.T.);
#1665=ORIENTED_EDGE('',*,*,#1245,.F.);
#1666=ORIENTED_EDGE('',*,*,#1266,.T.);
#1667=ORIENTED_EDGE('',*,*,#1267,.T.);
#1668=ORIENTED_EDGE('',*,*,#1268,.T.);
#1669=ORIENTED_EDGE('',*,*,#1269,.F.);
#1670=ORIENTED_EDGE('',*,*,#1270,.F.);
#1671=ORIENTED_EDGE('',*,*,#1240,.F.);
#1672=ORIENTED_EDGE('',*,*,#1271,.T.);
#1673=ORIENTED_EDGE('',*,*,#1272,.T.);
#1674=ORIENTED_EDGE('',*,*,#1232,.T.);
#1675=ORIENTED_EDGE('',*,*,#1273,.T.);
#1676=ORIENTED_EDGE('',*,*,#1272,.F.);
#1677=ORIENTED_EDGE('',*,*,#1274,.T.);
#1678=ORIENTED_EDGE('',*,*,#1275,.F.);
#1679=ORIENTED_EDGE('',*,*,#1267,.F.);
#1680=ORIENTED_EDGE('',*,*,#1269,.T.);
#1681=ORIENTED_EDGE('',*,*,#1276,.T.);
#1682=ORIENTED_EDGE('',*,*,#1277,.T.);
#1683=ORIENTED_EDGE('',*,*,#1278,.T.);
#1684=ORIENTED_EDGE('',*,*,#1279,.T.);
#1685=ORIENTED_EDGE('',*,*,#1268,.F.);
#1686=ORIENTED_EDGE('',*,*,#1275,.T.);
#1687=ORIENTED_EDGE('',*,*,#1280,.T.);
#1688=ORIENTED_EDGE('',*,*,#1281,.T.);
#1689=ORIENTED_EDGE('',*,*,#1282,.T.);
#1690=ORIENTED_EDGE('',*,*,#1276,.F.);
#1691=ORIENTED_EDGE('',*,*,#1274,.F.);
#1692=ORIENTED_EDGE('',*,*,#1283,.F.);
#1693=ORIENTED_EDGE('',*,*,#1284,.T.);
#1694=ORIENTED_EDGE('',*,*,#1285,.T.);
#1695=ORIENTED_EDGE('',*,*,#1280,.F.);
#1696=ORIENTED_EDGE('',*,*,#1270,.T.);
#1697=ORIENTED_EDGE('',*,*,#1279,.F.);
#1698=ORIENTED_EDGE('',*,*,#1286,.F.);
#1699=ORIENTED_EDGE('',*,*,#1287,.T.);
#1700=ORIENTED_EDGE('',*,*,#1288,.F.);
#1701=ORIENTED_EDGE('',*,*,#1289,.F.);
#1702=ORIENTED_EDGE('',*,*,#1290,.F.);
#1703=ORIENTED_EDGE('',*,*,#1291,.F.);
#1704=ORIENTED_EDGE('',*,*,#1292,.T.);
#1705=ORIENTED_EDGE('',*,*,#1283,.T.);
#1706=ORIENTED_EDGE('',*,*,#1271,.F.);
#1707=ORIENTED_EDGE('',*,*,#1239,.T.);
#1708=ORIENTED_EDGE('',*,*,#1293,.F.);
#1709=ORIENTED_EDGE('',*,*,#1294,.F.);
#1710=ORIENTED_EDGE('',*,*,#1295,.F.);
#1711=ORIENTED_EDGE('',*,*,#1296,.F.);
#1712=ORIENTED_EDGE('',*,*,#1297,.F.);
#1713=ORIENTED_EDGE('',*,*,#1298,.F.);
#1714=ORIENTED_EDGE('',*,*,#1299,.F.);
#1715=ORIENTED_EDGE('',*,*,#1300,.F.);
#1716=ORIENTED_EDGE('',*,*,#1301,.F.);
#1717=ORIENTED_EDGE('',*,*,#1302,.F.);
#1718=ORIENTED_EDGE('',*,*,#1303,.F.);
#1719=ORIENTED_EDGE('',*,*,#1304,.F.);
#1720=ORIENTED_EDGE('',*,*,#1305,.F.);
#1721=ORIENTED_EDGE('',*,*,#1306,.F.);
#1722=ORIENTED_EDGE('',*,*,#1307,.F.);
#1723=ORIENTED_EDGE('',*,*,#1254,.F.);
#1724=ORIENTED_EDGE('',*,*,#1265,.F.);
#1725=ORIENTED_EDGE('',*,*,#1262,.F.);
#1726=ORIENTED_EDGE('',*,*,#1242,.F.);
#1727=ORIENTED_EDGE('',*,*,#1233,.F.);
#1728=ORIENTED_EDGE('',*,*,#1273,.F.);
#1729=ORIENTED_EDGE('',*,*,#1266,.F.);
#1730=ORIENTED_EDGE('',*,*,#1246,.F.);
#1731=ORIENTED_EDGE('',*,*,#1216,.F.);
#1732=ORIENTED_EDGE('',*,*,#1308,.F.);
#1733=ORIENTED_EDGE('',*,*,#1241,.F.);
#1734=ORIENTED_EDGE('',*,*,#1235,.F.);
#1735=ORIENTED_EDGE('',*,*,#1221,.F.);
#1736=ORIENTED_EDGE('',*,*,#1309,.T.);
#1737=ORIENTED_EDGE('',*,*,#1310,.T.);
#1738=ORIENTED_EDGE('',*,*,#1311,.T.);
#1739=ORIENTED_EDGE('',*,*,#1312,.T.);
#1740=ORIENTED_EDGE('',*,*,#1313,.T.);
#1741=ORIENTED_EDGE('',*,*,#1314,.T.);
#1742=ORIENTED_EDGE('',*,*,#1315,.T.);
#1743=ORIENTED_EDGE('',*,*,#1316,.T.);
#1744=ORIENTED_EDGE('',*,*,#1317,.T.);
#1745=ORIENTED_EDGE('',*,*,#1316,.F.);
#1746=ORIENTED_EDGE('',*,*,#1318,.T.);
#1747=ORIENTED_EDGE('',*,*,#1312,.F.);
#1748=ORIENTED_EDGE('',*,*,#1319,.T.);
#1749=ORIENTED_EDGE('',*,*,#1320,.T.);
#1750=ORIENTED_EDGE('',*,*,#1314,.F.);
#1751=ORIENTED_EDGE('',*,*,#1321,.T.);
#1752=ORIENTED_EDGE('',*,*,#1322,.T.);
#1753=ORIENTED_EDGE('',*,*,#1323,.T.);
#1754=ORIENTED_EDGE('',*,*,#1319,.F.);
#1755=ORIENTED_EDGE('',*,*,#1296,.T.);
#1756=ORIENTED_EDGE('',*,*,#1324,.T.);
#1757=ORIENTED_EDGE('',*,*,#1325,.T.);
#1758=ORIENTED_EDGE('',*,*,#1322,.F.);
#1759=ORIENTED_EDGE('',*,*,#1326,.T.);
#1760=ORIENTED_EDGE('',*,*,#1327,.T.);
#1761=ORIENTED_EDGE('',*,*,#1328,.T.);
#1762=ORIENTED_EDGE('',*,*,#1324,.F.);
#1763=ORIENTED_EDGE('',*,*,#1329,.T.);
#1764=ORIENTED_EDGE('',*,*,#1330,.T.);
#1765=ORIENTED_EDGE('',*,*,#1331,.T.);
#1766=ORIENTED_EDGE('',*,*,#1310,.F.);
#1767=ORIENTED_EDGE('',*,*,#1332,.T.);
#1768=ORIENTED_EDGE('',*,*,#1333,.T.);
#1769=ORIENTED_EDGE('',*,*,#1306,.T.);
#1770=ORIENTED_EDGE('',*,*,#1330,.F.);
#1771=ORIENTED_EDGE('',*,*,#1334,.T.);
#1772=ORIENTED_EDGE('',*,*,#1335,.T.);
#1773=ORIENTED_EDGE('',*,*,#1336,.T.);
#1774=ORIENTED_EDGE('',*,*,#1333,.F.);
#1775=ORIENTED_EDGE('',*,*,#1337,.T.);
#1776=ORIENTED_EDGE('',*,*,#1338,.T.);
#1777=ORIENTED_EDGE('',*,*,#1339,.T.);
#1778=ORIENTED_EDGE('',*,*,#1335,.F.);
#1779=ORIENTED_EDGE('',*,*,#1340,.T.);
#1780=ORIENTED_EDGE('',*,*,#1331,.F.);
#1781=ORIENTED_EDGE('',*,*,#1305,.T.);
#1782=ORIENTED_EDGE('',*,*,#1341,.F.);
#1783=ORIENTED_EDGE('',*,*,#1342,.T.);
#1784=ORIENTED_EDGE('',*,*,#1336,.F.);
#1785=ORIENTED_EDGE('',*,*,#1343,.T.);
#1786=ORIENTED_EDGE('',*,*,#1344,.F.);
#1787=ORIENTED_EDGE('',*,*,#1307,.T.);
#1788=ORIENTED_EDGE('',*,*,#1339,.F.);
#1789=ORIENTED_EDGE('',*,*,#1345,.F.);
#1790=ORIENTED_EDGE('',*,*,#1329,.F.);
#1791=ORIENTED_EDGE('',*,*,#1346,.F.);
#1792=ORIENTED_EDGE('',*,*,#1347,.F.);
#1793=ORIENTED_EDGE('',*,*,#1348,.F.);
#1794=ORIENTED_EDGE('',*,*,#1349,.F.);
#1795=ORIENTED_EDGE('',*,*,#1343,.F.);
#1796=ORIENTED_EDGE('',*,*,#1340,.F.);
#1797=ORIENTED_EDGE('',*,*,#1337,.F.);
#1798=ORIENTED_EDGE('',*,*,#1334,.F.);
#1799=ORIENTED_EDGE('',*,*,#1332,.F.);
#1800=ORIENTED_EDGE('',*,*,#1309,.F.);
#1801=ORIENTED_EDGE('',*,*,#1350,.T.);
#1802=ORIENTED_EDGE('',*,*,#1351,.F.);
#1803=ORIENTED_EDGE('',*,*,#1318,.F.);
#1804=ORIENTED_EDGE('',*,*,#1352,.F.);
#1805=ORIENTED_EDGE('',*,*,#1353,.F.);
#1806=ORIENTED_EDGE('',*,*,#1350,.F.);
#1807=ORIENTED_EDGE('',*,*,#1351,.T.);
#1808=ORIENTED_EDGE('',*,*,#1353,.T.);
#1809=ORIENTED_EDGE('',*,*,#1354,.F.);
#1810=ORIENTED_EDGE('',*,*,#1327,.F.);
#1811=ORIENTED_EDGE('',*,*,#1345,.T.);
#1812=ORIENTED_EDGE('',*,*,#1338,.F.);
#1813=ORIENTED_EDGE('',*,*,#1321,.F.);
#1814=ORIENTED_EDGE('',*,*,#1355,.T.);
#1815=ORIENTED_EDGE('',*,*,#1356,.T.);
#1816=ORIENTED_EDGE('',*,*,#1297,.T.);
#1817=ORIENTED_EDGE('',*,*,#1357,.T.);
#1818=ORIENTED_EDGE('',*,*,#1298,.T.);
#1819=ORIENTED_EDGE('',*,*,#1356,.F.);
#1820=ORIENTED_EDGE('',*,*,#1358,.T.);
#1821=ORIENTED_EDGE('',*,*,#1359,.T.);
#1822=ORIENTED_EDGE('',*,*,#1299,.T.);
#1823=ORIENTED_EDGE('',*,*,#1357,.F.);
#1824=ORIENTED_EDGE('',*,*,#1360,.T.);
#1825=ORIENTED_EDGE('',*,*,#1361,.T.);
#1826=ORIENTED_EDGE('',*,*,#1300,.T.);
#1827=ORIENTED_EDGE('',*,*,#1359,.F.);
#1828=ORIENTED_EDGE('',*,*,#1362,.T.);
#1829=ORIENTED_EDGE('',*,*,#1363,.T.);
#1830=ORIENTED_EDGE('',*,*,#1301,.T.);
#1831=ORIENTED_EDGE('',*,*,#1361,.F.);
#1832=ORIENTED_EDGE('',*,*,#1364,.T.);
#1833=ORIENTED_EDGE('',*,*,#1365,.T.);
#1834=ORIENTED_EDGE('',*,*,#1302,.T.);
#1835=ORIENTED_EDGE('',*,*,#1363,.F.);
#1836=ORIENTED_EDGE('',*,*,#1366,.T.);
#1837=ORIENTED_EDGE('',*,*,#1367,.T.);
#1838=ORIENTED_EDGE('',*,*,#1303,.T.);
#1839=ORIENTED_EDGE('',*,*,#1365,.F.);
#1840=ORIENTED_EDGE('',*,*,#1368,.T.);
#1841=ORIENTED_EDGE('',*,*,#1341,.T.);
#1842=ORIENTED_EDGE('',*,*,#1304,.T.);
#1843=ORIENTED_EDGE('',*,*,#1367,.F.);
#1844=ORIENTED_EDGE('',*,*,#1369,.T.);
#1845=ORIENTED_EDGE('',*,*,#1369,.F.);
#1846=ORIENTED_EDGE('',*,*,#1370,.T.);
#1847=ORIENTED_EDGE('',*,*,#1371,.T.);
#1848=ORIENTED_EDGE('',*,*,#1372,.T.);
#1849=ORIENTED_EDGE('',*,*,#1368,.F.);
#1850=ORIENTED_EDGE('',*,*,#1373,.F.);
#1851=ORIENTED_EDGE('',*,*,#1374,.F.);
#1852=ORIENTED_EDGE('',*,*,#1370,.F.);
#1853=ORIENTED_EDGE('',*,*,#1366,.F.);
#1854=ORIENTED_EDGE('',*,*,#1375,.T.);
#1855=ORIENTED_EDGE('',*,*,#1376,.T.);
#1856=ORIENTED_EDGE('',*,*,#1373,.T.);
#1857=ORIENTED_EDGE('',*,*,#1364,.F.);
#1858=ORIENTED_EDGE('',*,*,#1377,.F.);
#1859=ORIENTED_EDGE('',*,*,#1378,.F.);
#1860=ORIENTED_EDGE('',*,*,#1375,.F.);
#1861=ORIENTED_EDGE('',*,*,#1362,.F.);
#1862=ORIENTED_EDGE('',*,*,#1379,.T.);
#1863=ORIENTED_EDGE('',*,*,#1380,.T.);
#1864=ORIENTED_EDGE('',*,*,#1377,.T.);
#1865=ORIENTED_EDGE('',*,*,#1360,.F.);
#1866=ORIENTED_EDGE('',*,*,#1381,.F.);
#1867=ORIENTED_EDGE('',*,*,#1382,.F.);
#1868=ORIENTED_EDGE('',*,*,#1379,.F.);
#1869=ORIENTED_EDGE('',*,*,#1358,.F.);
#1870=ORIENTED_EDGE('',*,*,#1383,.T.);
#1871=ORIENTED_EDGE('',*,*,#1384,.T.);
#1872=ORIENTED_EDGE('',*,*,#1381,.T.);
#1873=ORIENTED_EDGE('',*,*,#1311,.F.);
#1874=ORIENTED_EDGE('',*,*,#1342,.F.);
#1875=ORIENTED_EDGE('',*,*,#1372,.F.);
#1876=ORIENTED_EDGE('',*,*,#1385,.F.);
#1877=ORIENTED_EDGE('',*,*,#1383,.F.);
#1878=ORIENTED_EDGE('',*,*,#1355,.F.);
#1879=ORIENTED_EDGE('',*,*,#1313,.F.);
#1880=ORIENTED_EDGE('',*,*,#1317,.F.);
#1881=ORIENTED_EDGE('',*,*,#1386,.F.);
#1882=ORIENTED_EDGE('',*,*,#1371,.F.);
#1883=ORIENTED_EDGE('',*,*,#1387,.F.);
#1884=ORIENTED_EDGE('',*,*,#1388,.F.);
#1885=ORIENTED_EDGE('',*,*,#1384,.F.);
#1886=ORIENTED_EDGE('',*,*,#1389,.F.);
#1887=ORIENTED_EDGE('',*,*,#1389,.T.);
#1888=ORIENTED_EDGE('',*,*,#1385,.T.);
#1889=ORIENTED_EDGE('',*,*,#1386,.T.);
#1890=ORIENTED_EDGE('',*,*,#1390,.T.);
#1891=ORIENTED_EDGE('',*,*,#1391,.F.);
#1892=ORIENTED_EDGE('',*,*,#1376,.F.);
#1893=ORIENTED_EDGE('',*,*,#1392,.F.);
#1894=ORIENTED_EDGE('',*,*,#1393,.F.);
#1895=ORIENTED_EDGE('',*,*,#1380,.F.);
#1896=ORIENTED_EDGE('',*,*,#1394,.F.);
#1897=ORIENTED_EDGE('',*,*,#1394,.T.);
#1898=ORIENTED_EDGE('',*,*,#1382,.T.);
#1899=ORIENTED_EDGE('',*,*,#1388,.T.);
#1900=ORIENTED_EDGE('',*,*,#1395,.T.);
#1901=ORIENTED_EDGE('',*,*,#1392,.T.);
#1902=ORIENTED_EDGE('',*,*,#1378,.T.);
#1903=ORIENTED_EDGE('',*,*,#1393,.T.);
#1904=ORIENTED_EDGE('',*,*,#1396,.T.);
#1905=ORIENTED_EDGE('',*,*,#1387,.T.);
#1906=ORIENTED_EDGE('',*,*,#1374,.T.);
#1907=ORIENTED_EDGE('',*,*,#1391,.T.);
#1908=ORIENTED_EDGE('',*,*,#1397,.T.);
#1909=ORIENTED_EDGE('',*,*,#1390,.F.);
#1910=ORIENTED_EDGE('',*,*,#1397,.F.);
#1911=ORIENTED_EDGE('',*,*,#1396,.F.);
#1912=ORIENTED_EDGE('',*,*,#1395,.F.);
#1913=ORIENTED_EDGE('',*,*,#1328,.F.);
#1914=ORIENTED_EDGE('',*,*,#1354,.T.);
#1915=ORIENTED_EDGE('',*,*,#1352,.T.);
#1916=ORIENTED_EDGE('',*,*,#1315,.F.);
#1917=ORIENTED_EDGE('',*,*,#1320,.F.);
#1918=ORIENTED_EDGE('',*,*,#1323,.F.);
#1919=ORIENTED_EDGE('',*,*,#1325,.F.);
#1920=ORIENTED_EDGE('',*,*,#1326,.F.);
#1921=ORIENTED_EDGE('',*,*,#1295,.T.);
#1922=ORIENTED_EDGE('',*,*,#1398,.F.);
#1923=ORIENTED_EDGE('',*,*,#1346,.T.);
#1924=ORIENTED_EDGE('',*,*,#1399,.T.);
#1925=ORIENTED_EDGE('',*,*,#1398,.T.);
#1926=ORIENTED_EDGE('',*,*,#1400,.T.);
#1927=ORIENTED_EDGE('',*,*,#1401,.T.);
#1928=ORIENTED_EDGE('',*,*,#1255,.T.);
#1929=ORIENTED_EDGE('',*,*,#1344,.T.);
#1930=ORIENTED_EDGE('',*,*,#1402,.T.);
#1931=ORIENTED_EDGE('',*,*,#1403,.T.);
#1932=ORIENTED_EDGE('',*,*,#1257,.T.);
#1933=ORIENTED_EDGE('',*,*,#1404,.T.);
#1934=ORIENTED_EDGE('',*,*,#1405,.T.);
#1935=ORIENTED_EDGE('',*,*,#1406,.T.);
#1936=ORIENTED_EDGE('',*,*,#1400,.F.);
#1937=ORIENTED_EDGE('',*,*,#1294,.T.);
#1938=ORIENTED_EDGE('',*,*,#1405,.F.);
#1939=ORIENTED_EDGE('',*,*,#1407,.T.);
#1940=ORIENTED_EDGE('',*,*,#1403,.F.);
#1941=ORIENTED_EDGE('',*,*,#1408,.T.);
#1942=ORIENTED_EDGE('',*,*,#1406,.F.);
#1943=ORIENTED_EDGE('',*,*,#1293,.T.);
#1944=ORIENTED_EDGE('',*,*,#1308,.T.);
#1945=ORIENTED_EDGE('',*,*,#1215,.T.);
#1946=ORIENTED_EDGE('',*,*,#1251,.T.);
#1947=ORIENTED_EDGE('',*,*,#1399,.F.);
#1948=ORIENTED_EDGE('',*,*,#1409,.T.);
#1949=ORIENTED_EDGE('',*,*,#1410,.T.);
#1950=ORIENTED_EDGE('',*,*,#1347,.T.);
#1951=ORIENTED_EDGE('',*,*,#1407,.F.);
#1952=ORIENTED_EDGE('',*,*,#1411,.F.);
#1953=ORIENTED_EDGE('',*,*,#1412,.F.);
#1954=ORIENTED_EDGE('',*,*,#1409,.F.);
#1955=ORIENTED_EDGE('',*,*,#1404,.F.);
#1956=ORIENTED_EDGE('',*,*,#1413,.T.);
#1957=ORIENTED_EDGE('',*,*,#1414,.T.);
#1958=ORIENTED_EDGE('',*,*,#1411,.T.);
#1959=ORIENTED_EDGE('',*,*,#1415,.T.);
#1960=ORIENTED_EDGE('',*,*,#1416,.T.);
#1961=ORIENTED_EDGE('',*,*,#1417,.T.);
#1962=ORIENTED_EDGE('',*,*,#1418,.T.);
#1963=ORIENTED_EDGE('',*,*,#1419,.T.);
#1964=ORIENTED_EDGE('',*,*,#1286,.T.);
#1965=ORIENTED_EDGE('',*,*,#1278,.F.);
#1966=ORIENTED_EDGE('',*,*,#1420,.T.);
#1967=ORIENTED_EDGE('',*,*,#1421,.T.);
#1968=ORIENTED_EDGE('',*,*,#1422,.T.);
#1969=ORIENTED_EDGE('',*,*,#1419,.F.);
#1970=ORIENTED_EDGE('',*,*,#1423,.T.);
#1971=ORIENTED_EDGE('',*,*,#1424,.T.);
#1972=ORIENTED_EDGE('',*,*,#1421,.F.);
#1973=ORIENTED_EDGE('',*,*,#1425,.T.);
#1974=ORIENTED_EDGE('',*,*,#1423,.F.);
#1975=ORIENTED_EDGE('',*,*,#1426,.F.);
#1976=ORIENTED_EDGE('',*,*,#1415,.F.);
#1977=ORIENTED_EDGE('',*,*,#1427,.T.);
#1978=ORIENTED_EDGE('',*,*,#1416,.F.);
#1979=ORIENTED_EDGE('',*,*,#1428,.F.);
#1980=ORIENTED_EDGE('',*,*,#1429,.T.);
#1981=ORIENTED_EDGE('',*,*,#1425,.F.);
#1982=ORIENTED_EDGE('',*,*,#1420,.F.);
#1983=ORIENTED_EDGE('',*,*,#1430,.T.);
#1984=ORIENTED_EDGE('',*,*,#1428,.T.);
#1985=ORIENTED_EDGE('',*,*,#1426,.T.);
#1986=ORIENTED_EDGE('',*,*,#1277,.F.);
#1987=ORIENTED_EDGE('',*,*,#1431,.F.);
#1988=ORIENTED_EDGE('',*,*,#1432,.F.);
#1989=ORIENTED_EDGE('',*,*,#1433,.F.);
#1990=ORIENTED_EDGE('',*,*,#1434,.F.);
#1991=ORIENTED_EDGE('',*,*,#1435,.T.);
#1992=ORIENTED_EDGE('',*,*,#1430,.F.);
#1993=ORIENTED_EDGE('',*,*,#1282,.F.);
#1994=ORIENTED_EDGE('',*,*,#1436,.T.);
#1995=ORIENTED_EDGE('',*,*,#1437,.T.);
#1996=ORIENTED_EDGE('',*,*,#1438,.T.);
#1997=ORIENTED_EDGE('',*,*,#1439,.F.);
#1998=ORIENTED_EDGE('',*,*,#1431,.T.);
#1999=ORIENTED_EDGE('',*,*,#1440,.T.);
#2000=ORIENTED_EDGE('',*,*,#1441,.F.);
#2001=ORIENTED_EDGE('',*,*,#1442,.F.);
#2002=ORIENTED_EDGE('',*,*,#1291,.T.);
#2003=ORIENTED_EDGE('',*,*,#1443,.T.);
#2004=ORIENTED_EDGE('',*,*,#1290,.T.);
#2005=ORIENTED_EDGE('',*,*,#1444,.T.);
#2006=ORIENTED_EDGE('',*,*,#1445,.T.);
#2007=ORIENTED_EDGE('',*,*,#1443,.F.);
#2008=ORIENTED_EDGE('',*,*,#1446,.T.);
#2009=ORIENTED_EDGE('',*,*,#1447,.T.);
#2010=ORIENTED_EDGE('',*,*,#1444,.F.);
#2011=ORIENTED_EDGE('',*,*,#1289,.T.);
#2012=ORIENTED_EDGE('',*,*,#1448,.T.);
#2013=ORIENTED_EDGE('',*,*,#1449,.T.);
#2014=ORIENTED_EDGE('',*,*,#1450,.T.);
#2015=ORIENTED_EDGE('',*,*,#1440,.F.);
#2016=ORIENTED_EDGE('',*,*,#1451,.F.);
#2017=ORIENTED_EDGE('',*,*,#1452,.F.);
#2018=ORIENTED_EDGE('',*,*,#1453,.T.);
#2019=ORIENTED_EDGE('',*,*,#1454,.T.);
#2020=ORIENTED_EDGE('',*,*,#1445,.F.);
#2021=ORIENTED_EDGE('',*,*,#1455,.F.);
#2022=ORIENTED_EDGE('',*,*,#1456,.T.);
#2023=ORIENTED_EDGE('',*,*,#1457,.F.);
#2024=ORIENTED_EDGE('',*,*,#1458,.F.);
#2025=ORIENTED_EDGE('',*,*,#1459,.F.);
#2026=ORIENTED_EDGE('',*,*,#1460,.F.);
#2027=ORIENTED_EDGE('',*,*,#1461,.F.);
#2028=ORIENTED_EDGE('',*,*,#1462,.T.);
#2029=ORIENTED_EDGE('',*,*,#1463,.F.);
#2030=ORIENTED_EDGE('',*,*,#1464,.F.);
#2031=ORIENTED_EDGE('',*,*,#1465,.F.);
#2032=ORIENTED_EDGE('',*,*,#1451,.T.);
#2033=ORIENTED_EDGE('',*,*,#1447,.F.);
#2034=ORIENTED_EDGE('',*,*,#1466,.T.);
#2035=ORIENTED_EDGE('',*,*,#1467,.F.);
#2036=ORIENTED_EDGE('',*,*,#1455,.T.);
#2037=ORIENTED_EDGE('',*,*,#1446,.F.);
#2038=ORIENTED_EDGE('',*,*,#1468,.F.);
#2039=ORIENTED_EDGE('',*,*,#1469,.F.);
#2040=ORIENTED_EDGE('',*,*,#1470,.F.);
#2041=ORIENTED_EDGE('',*,*,#1466,.F.);
#2042=ORIENTED_EDGE('',*,*,#1450,.F.);
#2043=ORIENTED_EDGE('',*,*,#1471,.T.);
#2044=ORIENTED_EDGE('',*,*,#1468,.T.);
#2045=ORIENTED_EDGE('',*,*,#1449,.F.);
#2046=ORIENTED_EDGE('',*,*,#1472,.F.);
#2047=ORIENTED_EDGE('',*,*,#1473,.F.);
#2048=ORIENTED_EDGE('',*,*,#1471,.F.);
#2049=ORIENTED_EDGE('',*,*,#1453,.F.);
#2050=ORIENTED_EDGE('',*,*,#1474,.T.);
#2051=ORIENTED_EDGE('',*,*,#1475,.T.);
#2052=ORIENTED_EDGE('',*,*,#1476,.T.);
#2053=ORIENTED_EDGE('',*,*,#1477,.F.);
#2054=ORIENTED_EDGE('',*,*,#1478,.T.);
#2055=ORIENTED_EDGE('',*,*,#1475,.F.);
#2056=ORIENTED_EDGE('',*,*,#1479,.T.);
#2057=ORIENTED_EDGE('',*,*,#1438,.F.);
#2058=ORIENTED_EDGE('',*,*,#1480,.F.);
#2059=ORIENTED_EDGE('',*,*,#1476,.F.);
#2060=ORIENTED_EDGE('',*,*,#1481,.F.);
#2061=ORIENTED_EDGE('',*,*,#1482,.F.);
#2062=ORIENTED_EDGE('',*,*,#1441,.T.);
#2063=ORIENTED_EDGE('',*,*,#1454,.F.);
#2064=ORIENTED_EDGE('',*,*,#1478,.F.);
#2065=ORIENTED_EDGE('',*,*,#1483,.T.);
#2066=ORIENTED_EDGE('',*,*,#1484,.T.);
#2067=ORIENTED_EDGE('',*,*,#1481,.T.);
#2068=ORIENTED_EDGE('',*,*,#1477,.T.);
#2069=ORIENTED_EDGE('',*,*,#1485,.F.);
#2070=ORIENTED_EDGE('',*,*,#1436,.F.);
#2071=ORIENTED_EDGE('',*,*,#1281,.F.);
#2072=ORIENTED_EDGE('',*,*,#1285,.F.);
#2073=ORIENTED_EDGE('',*,*,#1483,.F.);
#2074=ORIENTED_EDGE('',*,*,#1486,.F.);
#2075=ORIENTED_EDGE('',*,*,#1484,.F.);
#2076=ORIENTED_EDGE('',*,*,#1284,.F.);
#2077=ORIENTED_EDGE('',*,*,#1482,.T.);
#2078=ORIENTED_EDGE('',*,*,#1486,.T.);
#2079=ORIENTED_EDGE('',*,*,#1292,.F.);
#2080=ORIENTED_EDGE('',*,*,#1442,.T.);
#2081=ORIENTED_EDGE('',*,*,#1480,.T.);
#2082=ORIENTED_EDGE('',*,*,#1437,.F.);
#2083=ORIENTED_EDGE('',*,*,#1485,.T.);
#2084=ORIENTED_EDGE('',*,*,#1474,.F.);
#2085=ORIENTED_EDGE('',*,*,#1452,.T.);
#2086=ORIENTED_EDGE('',*,*,#1465,.T.);
#2087=ORIENTED_EDGE('',*,*,#1487,.F.);
#2088=ORIENTED_EDGE('',*,*,#1488,.F.);
#2089=ORIENTED_EDGE('',*,*,#1489,.F.);
#2090=ORIENTED_EDGE('',*,*,#1490,.F.);
#2091=ORIENTED_EDGE('',*,*,#1491,.F.);
#2092=ORIENTED_EDGE('',*,*,#1459,.T.);
#2093=ORIENTED_EDGE('',*,*,#1492,.F.);
#2094=ORIENTED_EDGE('',*,*,#1493,.F.);
#2095=ORIENTED_EDGE('',*,*,#1494,.F.);
#2096=ORIENTED_EDGE('',*,*,#1432,.T.);
#2097=ORIENTED_EDGE('',*,*,#1439,.T.);
#2098=ORIENTED_EDGE('',*,*,#1479,.F.);
#2099=ORIENTED_EDGE('',*,*,#1495,.T.);
#2100=ORIENTED_EDGE('',*,*,#1496,.F.);
#2101=ORIENTED_EDGE('',*,*,#1497,.F.);
#2102=ORIENTED_EDGE('',*,*,#1498,.F.);
#2103=ORIENTED_EDGE('',*,*,#1467,.T.);
#2104=ORIENTED_EDGE('',*,*,#1470,.T.);
#2105=ORIENTED_EDGE('',*,*,#1496,.T.);
#2106=ORIENTED_EDGE('',*,*,#1499,.T.);
#2107=ORIENTED_EDGE('',*,*,#1473,.T.);
#2108=ORIENTED_EDGE('',*,*,#1500,.T.);
#2109=ORIENTED_EDGE('',*,*,#1497,.T.);
#2110=ORIENTED_EDGE('',*,*,#1469,.T.);
#2111=ORIENTED_EDGE('',*,*,#1448,.F.);
#2112=ORIENTED_EDGE('',*,*,#1288,.T.);
#2113=ORIENTED_EDGE('',*,*,#1501,.T.);
#2114=ORIENTED_EDGE('',*,*,#1502,.T.);
#2115=ORIENTED_EDGE('',*,*,#1472,.T.);
#2116=ORIENTED_EDGE('',*,*,#1503,.F.);
#2117=ORIENTED_EDGE('',*,*,#1504,.T.);
#2118=ORIENTED_EDGE('',*,*,#1498,.T.);
#2119=ORIENTED_EDGE('',*,*,#1505,.T.);
#2120=ORIENTED_EDGE('',*,*,#1499,.F.);
#2121=ORIENTED_EDGE('',*,*,#1495,.F.);
#2122=ORIENTED_EDGE('',*,*,#1504,.F.);
#2123=ORIENTED_EDGE('',*,*,#1506,.T.);
#2124=ORIENTED_EDGE('',*,*,#1417,.F.);
#2125=ORIENTED_EDGE('',*,*,#1429,.F.);
#2126=ORIENTED_EDGE('',*,*,#1435,.F.);
#2127=ORIENTED_EDGE('',*,*,#1507,.F.);
#2128=ORIENTED_EDGE('',*,*,#1508,.F.);
#2129=ORIENTED_EDGE('',*,*,#1509,.F.);
#2130=ORIENTED_EDGE('',*,*,#1510,.F.);
#2131=ORIENTED_EDGE('',*,*,#1456,.F.);
#2132=ORIENTED_EDGE('',*,*,#1418,.F.);
#2133=ORIENTED_EDGE('',*,*,#1506,.F.);
#2134=ORIENTED_EDGE('',*,*,#1503,.T.);
#2135=ORIENTED_EDGE('',*,*,#1511,.T.);
#2136=ORIENTED_EDGE('',*,*,#1512,.F.);
#2137=ORIENTED_EDGE('',*,*,#1424,.F.);
#2138=ORIENTED_EDGE('',*,*,#1427,.F.);
#2139=ORIENTED_EDGE('',*,*,#1505,.F.);
#2140=ORIENTED_EDGE('',*,*,#1500,.F.);
#2141=ORIENTED_EDGE('',*,*,#1502,.F.);
#2142=ORIENTED_EDGE('',*,*,#1513,.F.);
#2143=ORIENTED_EDGE('',*,*,#1511,.F.);
#2144=ORIENTED_EDGE('',*,*,#1422,.F.);
#2145=ORIENTED_EDGE('',*,*,#1512,.T.);
#2146=ORIENTED_EDGE('',*,*,#1513,.T.);
#2147=ORIENTED_EDGE('',*,*,#1501,.F.);
#2148=ORIENTED_EDGE('',*,*,#1287,.F.);
#2149=ORIENTED_EDGE('',*,*,#1514,.F.);
#2150=ORIENTED_EDGE('',*,*,#1515,.F.);
#2151=ORIENTED_EDGE('',*,*,#1516,.F.);
#2152=ORIENTED_EDGE('',*,*,#1517,.F.);
#2153=ORIENTED_EDGE('',*,*,#1518,.F.);
#2154=ORIENTED_EDGE('',*,*,#1493,.T.);
#2155=ORIENTED_EDGE('',*,*,#1519,.F.);
#2156=ORIENTED_EDGE('',*,*,#1520,.F.);
#2157=ORIENTED_EDGE('',*,*,#1494,.T.);
#2158=ORIENTED_EDGE('',*,*,#1518,.T.);
#2159=ORIENTED_EDGE('',*,*,#1521,.T.);
#2160=ORIENTED_EDGE('',*,*,#1522,.F.);
#2161=ORIENTED_EDGE('',*,*,#1523,.T.);
#2162=ORIENTED_EDGE('',*,*,#1519,.T.);
#2163=ORIENTED_EDGE('',*,*,#1492,.T.);
#2164=ORIENTED_EDGE('',*,*,#1515,.T.);
#2165=ORIENTED_EDGE('',*,*,#1524,.T.);
#2166=ORIENTED_EDGE('',*,*,#1517,.T.);
#2167=ORIENTED_EDGE('',*,*,#1525,.T.);
#2168=ORIENTED_EDGE('',*,*,#1526,.T.);
#2169=ORIENTED_EDGE('',*,*,#1509,.T.);
#2170=ORIENTED_EDGE('',*,*,#1516,.T.);
#2171=ORIENTED_EDGE('',*,*,#1527,.T.);
#2172=ORIENTED_EDGE('',*,*,#1457,.T.);
#2173=ORIENTED_EDGE('',*,*,#1510,.T.);
#2174=ORIENTED_EDGE('',*,*,#1526,.F.);
#2175=ORIENTED_EDGE('',*,*,#1528,.T.);
#2176=ORIENTED_EDGE('',*,*,#1529,.T.);
#2177=ORIENTED_EDGE('',*,*,#1530,.T.);
#2178=ORIENTED_EDGE('',*,*,#1514,.T.);
#2179=ORIENTED_EDGE('',*,*,#1508,.T.);
#2180=ORIENTED_EDGE('',*,*,#1434,.T.);
#2181=ORIENTED_EDGE('',*,*,#1531,.T.);
#2182=ORIENTED_EDGE('',*,*,#1529,.F.);
#2183=ORIENTED_EDGE('',*,*,#1507,.T.);
#2184=ORIENTED_EDGE('',*,*,#1522,.T.);
#2185=ORIENTED_EDGE('',*,*,#1458,.T.);
#2186=ORIENTED_EDGE('',*,*,#1528,.F.);
#2187=ORIENTED_EDGE('',*,*,#1532,.T.);
#2188=ORIENTED_EDGE('',*,*,#1521,.F.);
#2189=ORIENTED_EDGE('',*,*,#1524,.F.);
#2190=ORIENTED_EDGE('',*,*,#1530,.F.);
#2191=ORIENTED_EDGE('',*,*,#1533,.F.);
#2192=ORIENTED_EDGE('',*,*,#1520,.T.);
#2193=ORIENTED_EDGE('',*,*,#1533,.T.);
#2194=ORIENTED_EDGE('',*,*,#1531,.F.);
#2195=ORIENTED_EDGE('',*,*,#1433,.T.);
#2196=ORIENTED_EDGE('',*,*,#1488,.T.);
#2197=ORIENTED_EDGE('',*,*,#1534,.F.);
#2198=ORIENTED_EDGE('',*,*,#1535,.F.);
#2199=ORIENTED_EDGE('',*,*,#1536,.F.);
#2200=ORIENTED_EDGE('',*,*,#1537,.F.);
#2201=ORIENTED_EDGE('',*,*,#1538,.T.);
#2202=ORIENTED_EDGE('',*,*,#1534,.T.);
#2203=ORIENTED_EDGE('',*,*,#1487,.T.);
#2204=ORIENTED_EDGE('',*,*,#1490,.T.);
#2205=ORIENTED_EDGE('',*,*,#1539,.F.);
#2206=ORIENTED_EDGE('',*,*,#1540,.F.);
#2207=ORIENTED_EDGE('',*,*,#1541,.F.);
#2208=ORIENTED_EDGE('',*,*,#1539,.T.);
#2209=ORIENTED_EDGE('',*,*,#1489,.T.);
#2210=ORIENTED_EDGE('',*,*,#1536,.T.);
#2211=ORIENTED_EDGE('',*,*,#1542,.T.);
#2212=ORIENTED_EDGE('',*,*,#1543,.F.);
#2213=ORIENTED_EDGE('',*,*,#1544,.F.);
#2214=ORIENTED_EDGE('',*,*,#1545,.F.);
#2215=ORIENTED_EDGE('',*,*,#1544,.T.);
#2216=ORIENTED_EDGE('',*,*,#1546,.T.);
#2217=ORIENTED_EDGE('',*,*,#1535,.T.);
#2218=ORIENTED_EDGE('',*,*,#1547,.T.);
#2219=ORIENTED_EDGE('',*,*,#1548,.T.);
#2220=ORIENTED_EDGE('',*,*,#1549,.T.);
#2221=ORIENTED_EDGE('',*,*,#1545,.T.);
#2222=ORIENTED_EDGE('',*,*,#1550,.T.);
#2223=ORIENTED_EDGE('',*,*,#1463,.T.);
#2224=ORIENTED_EDGE('',*,*,#1551,.T.);
#2225=ORIENTED_EDGE('',*,*,#1548,.F.);
#2226=ORIENTED_EDGE('',*,*,#1552,.T.);
#2227=ORIENTED_EDGE('',*,*,#1553,.F.);
#2228=ORIENTED_EDGE('',*,*,#1554,.F.);
#2229=ORIENTED_EDGE('',*,*,#1555,.F.);
#2230=ORIENTED_EDGE('',*,*,#1554,.T.);
#2231=ORIENTED_EDGE('',*,*,#1556,.T.);
#2232=ORIENTED_EDGE('',*,*,#1540,.T.);
#2233=ORIENTED_EDGE('',*,*,#1557,.T.);
#2234=ORIENTED_EDGE('',*,*,#1543,.T.);
#2235=ORIENTED_EDGE('',*,*,#1558,.T.);
#2236=ORIENTED_EDGE('',*,*,#1555,.T.);
#2237=ORIENTED_EDGE('',*,*,#1559,.T.);
#2238=ORIENTED_EDGE('',*,*,#1560,.T.);
#2239=ORIENTED_EDGE('',*,*,#1561,.T.);
#2240=ORIENTED_EDGE('',*,*,#1553,.T.);
#2241=ORIENTED_EDGE('',*,*,#1562,.T.);
#2242=ORIENTED_EDGE('',*,*,#1461,.T.);
#2243=ORIENTED_EDGE('',*,*,#1563,.T.);
#2244=ORIENTED_EDGE('',*,*,#1560,.F.);
#2245=ORIENTED_EDGE('',*,*,#1564,.T.);
#2246=ORIENTED_EDGE('',*,*,#1565,.F.);
#2247=ORIENTED_EDGE('',*,*,#1491,.T.);
#2248=ORIENTED_EDGE('',*,*,#1541,.T.);
#2249=ORIENTED_EDGE('',*,*,#1566,.T.);
#2250=ORIENTED_EDGE('',*,*,#1550,.F.);
#2251=ORIENTED_EDGE('',*,*,#1547,.F.);
#2252=ORIENTED_EDGE('',*,*,#1538,.F.);
#2253=ORIENTED_EDGE('',*,*,#1567,.F.);
#2254=ORIENTED_EDGE('',*,*,#1552,.F.);
#2255=ORIENTED_EDGE('',*,*,#1567,.T.);
#2256=ORIENTED_EDGE('',*,*,#1537,.T.);
#2257=ORIENTED_EDGE('',*,*,#1464,.T.);
#2258=ORIENTED_EDGE('',*,*,#1542,.F.);
#2259=ORIENTED_EDGE('',*,*,#1546,.F.);
#2260=ORIENTED_EDGE('',*,*,#1559,.F.);
#2261=ORIENTED_EDGE('',*,*,#1557,.F.);
#2262=ORIENTED_EDGE('',*,*,#1563,.F.);
#2263=ORIENTED_EDGE('',*,*,#1460,.T.);
#2264=ORIENTED_EDGE('',*,*,#1565,.T.);
#2265=ORIENTED_EDGE('',*,*,#1568,.T.);
#2266=ORIENTED_EDGE('',*,*,#1561,.F.);
#2267=ORIENTED_EDGE('',*,*,#1568,.F.);
#2268=ORIENTED_EDGE('',*,*,#1566,.F.);
#2269=ORIENTED_EDGE('',*,*,#1556,.F.);
#2270=ORIENTED_EDGE('',*,*,#1551,.F.);
#2271=ORIENTED_EDGE('',*,*,#1462,.F.);
#2272=ORIENTED_EDGE('',*,*,#1564,.F.);
#2273=ORIENTED_EDGE('',*,*,#1562,.F.);
#2274=ORIENTED_EDGE('',*,*,#1558,.F.);
#2275=ORIENTED_EDGE('',*,*,#1549,.F.);
#2276=ORIENTED_EDGE('',*,*,#1523,.F.);
#2277=ORIENTED_EDGE('',*,*,#1532,.F.);
#2278=ORIENTED_EDGE('',*,*,#1527,.F.);
#2279=ORIENTED_EDGE('',*,*,#1525,.F.);
#2280=ORIENTED_EDGE('',*,*,#1414,.F.);
#2281=ORIENTED_EDGE('',*,*,#1569,.T.);
#2282=ORIENTED_EDGE('',*,*,#1570,.F.);
#2283=ORIENTED_EDGE('',*,*,#1571,.T.);
#2284=ORIENTED_EDGE('',*,*,#1572,.F.);
#2285=ORIENTED_EDGE('',*,*,#1348,.T.);
#2286=ORIENTED_EDGE('',*,*,#1410,.F.);
#2287=ORIENTED_EDGE('',*,*,#1412,.T.);
#2288=ORIENTED_EDGE('',*,*,#1402,.F.);
#2289=ORIENTED_EDGE('',*,*,#1573,.T.);
#2290=ORIENTED_EDGE('',*,*,#1570,.T.);
#2291=ORIENTED_EDGE('',*,*,#1574,.T.);
#2292=ORIENTED_EDGE('',*,*,#1256,.F.);
#2293=ORIENTED_EDGE('',*,*,#1575,.F.);
#2294=ORIENTED_EDGE('',*,*,#1571,.F.);
#2295=ORIENTED_EDGE('',*,*,#1573,.F.);
#2296=ORIENTED_EDGE('',*,*,#1401,.F.);
#2297=ORIENTED_EDGE('',*,*,#1349,.T.);
#2298=ORIENTED_EDGE('',*,*,#1572,.T.);
#2299=ORIENTED_EDGE('',*,*,#1575,.T.);
#2300=ORIENTED_EDGE('',*,*,#1408,.F.);
#2301=ORIENTED_EDGE('',*,*,#1574,.F.);
#2302=ORIENTED_EDGE('',*,*,#1569,.F.);
#2303=ORIENTED_EDGE('',*,*,#1413,.F.);
#2304=SPHERICAL_SURFACE('',#2477,0.500000000000007);
#2305=SPHERICAL_SURFACE('',#2486,0.5);
#2306=SPHERICAL_SURFACE('',#2492,0.5);
#2307=SPHERICAL_SURFACE('',#2507,0.5);
#2308=SPHERICAL_SURFACE('',#2614,0.500000000000007);
#2309=SPHERICAL_SURFACE('',#2617,0.499999999999972);
#2310=SPHERICAL_SURFACE('',#2621,0.499999999999972);
#2311=SPHERICAL_SURFACE('',#2624,0.500000000000007);
#2312=SPHERICAL_SURFACE('',#2656,1.5);
#2313=SPHERICAL_SURFACE('',#2683,0.499999999999972);
#2314=SPHERICAL_SURFACE('',#2695,0.750000000000002);
#2315=SPHERICAL_SURFACE('',#2720,2.5);
#2316=SPHERICAL_SURFACE('',#2755,2.5);
#2317=SPHERICAL_SURFACE('',#2765,2.5);
#2318=ADVANCED_FACE('',(#542),#2304,.T.);
#2319=ADVANCED_FACE('',(#543),#519,.T.);
#2320=ADVANCED_FACE('',(#544),#413,.T.);
#2321=ADVANCED_FACE('',(#545),#2305,.T.);
#2322=ADVANCED_FACE('',(#546),#414,.T.);
#2323=ADVANCED_FACE('',(#547),#2306,.T.);
#2324=ADVANCED_FACE('',(#548),#415,.T.);
#2325=ADVANCED_FACE('',(#549),#416,.T.);
#2326=ADVANCED_FACE('',(#550),#417,.T.);
#2327=ADVANCED_FACE('',(#551),#520,.T.);
#2328=ADVANCED_FACE('',(#552),#72,.F.);
#2329=ADVANCED_FACE('',(#553),#521,.T.);
#2330=ADVANCED_FACE('',(#554),#2307,.T.);
#2331=ADVANCED_FACE('',(#555),#418,.T.);
#2332=ADVANCED_FACE('',(#556),#419,.F.);
#2333=ADVANCED_FACE('',(#557),#17,.T.);
#2334=ADVANCED_FACE('',(#558),#420,.T.);
#2335=ADVANCED_FACE('',(#559),#421,.F.);
#2336=ADVANCED_FACE('',(#560),#18,.T.);
#2337=ADVANCED_FACE('',(#561),#522,.F.);
#2338=ADVANCED_FACE('',(#562),#73,.T.);
#2339=ADVANCED_FACE('',(#563),#422,.F.);
#2340=ADVANCED_FACE('',(#564),#423,.F.);
#2341=ADVANCED_FACE('',(#565),#523,.F.);
#2342=ADVANCED_FACE('',(#566),#424,.T.);
#2343=ADVANCED_FACE('',(#567),#425,.T.);
#2344=ADVANCED_FACE('',(#568),#426,.T.);
#2345=ADVANCED_FACE('',(#569),#19,.T.);
#2346=ADVANCED_FACE('',(#570),#20,.T.);
#2347=ADVANCED_FACE('',(#571),#21,.T.);
#2348=ADVANCED_FACE('',(#572),#427,.T.);
#2349=ADVANCED_FACE('',(#573),#428,.T.);
#2350=ADVANCED_FACE('',(#574),#429,.T.);
#2351=ADVANCED_FACE('',(#575),#15,.F.);
#2352=ADVANCED_FACE('',(#576),#430,.T.);
#2353=ADVANCED_FACE('',(#577),#524,.T.);
#2354=ADVANCED_FACE('',(#578),#431,.T.);
#2355=ADVANCED_FACE('',(#579),#16,.F.);
#2356=ADVANCED_FACE('',(#580),#432,.T.);
#2357=ADVANCED_FACE('',(#581),#525,.T.);
#2358=ADVANCED_FACE('',(#582),#433,.T.);
#2359=ADVANCED_FACE('',(#583),#434,.T.);
#2360=ADVANCED_FACE('',(#584),#435,.T.);
#2361=ADVANCED_FACE('',(#585),#22,.T.);
#2362=ADVANCED_FACE('',(#586),#23,.F.);
#2363=ADVANCED_FACE('',(#587),#24,.F.);
#2364=ADVANCED_FACE('',(#588),#436,.T.);
#2365=ADVANCED_FACE('',(#589),#437,.T.);
#2366=ADVANCED_FACE('',(#590),#526,.T.);
#2367=ADVANCED_FACE('',(#591),#438,.T.);
#2368=ADVANCED_FACE('',(#592),#527,.T.);
#2369=ADVANCED_FACE('',(#593),#439,.T.);
#2370=ADVANCED_FACE('',(#594),#528,.T.);
#2371=ADVANCED_FACE('',(#595),#440,.T.);
#2372=ADVANCED_FACE('',(#596),#529,.T.);
#2373=ADVANCED_FACE('',(#597),#441,.F.);
#2374=ADVANCED_FACE('',(#598),#25,.F.);
#2375=ADVANCED_FACE('',(#599),#442,.F.);
#2376=ADVANCED_FACE('',(#600),#26,.F.);
#2377=ADVANCED_FACE('',(#601),#443,.F.);
#2378=ADVANCED_FACE('',(#602),#27,.F.);
#2379=ADVANCED_FACE('',(#603),#444,.F.);
#2380=ADVANCED_FACE('',(#604),#28,.F.);
#2381=ADVANCED_FACE('',(#605),#2308,.F.);
#2382=ADVANCED_FACE('',(#606),#2309,.F.);
#2383=ADVANCED_FACE('',(#607),#445,.F.);
#2384=ADVANCED_FACE('',(#608),#2310,.F.);
#2385=ADVANCED_FACE('',(#609),#2311,.F.);
#2386=ADVANCED_FACE('',(#610),#446,.F.);
#2387=ADVANCED_FACE('',(#611),#447,.F.);
#2388=ADVANCED_FACE('',(#612),#448,.F.);
#2389=ADVANCED_FACE('',(#613),#29,.F.);
#2390=ADVANCED_FACE('',(#614),#30,.F.);
#2391=ADVANCED_FACE('',(#615),#449,.T.);
#2392=ADVANCED_FACE('',(#616),#74,.F.);
#2393=ADVANCED_FACE('',(#617),#75,.F.);
#2394=ADVANCED_FACE('',(#618),#76,.F.);
#2395=ADVANCED_FACE('',(#619),#77,.F.);
#2396=ADVANCED_FACE('',(#620),#450,.T.);
#2397=ADVANCED_FACE('',(#621),#451,.T.);
#2398=ADVANCED_FACE('',(#622),#452,.T.);
#2399=ADVANCED_FACE('',(#623),#31,.T.);
#2400=ADVANCED_FACE('',(#624),#453,.T.);
#2401=ADVANCED_FACE('',(#625),#530,.T.);
#2402=ADVANCED_FACE('',(#626),#531,.T.);
#2403=ADVANCED_FACE('',(#627),#2312,.T.);
#2404=ADVANCED_FACE('',(#628),#454,.T.);
#2405=ADVANCED_FACE('',(#629),#78,.F.);
#2406=ADVANCED_FACE('',(#630),#455,.F.);
#2407=ADVANCED_FACE('',(#631),#456,.F.);
#2408=ADVANCED_FACE('',(#632),#32,.T.);
#2409=ADVANCED_FACE('',(#633),#33,.T.);
#2410=ADVANCED_FACE('',(#634),#457,.T.);
#2411=ADVANCED_FACE('',(#635),#458,.T.);
#2412=ADVANCED_FACE('',(#636),#532,.T.);
#2413=ADVANCED_FACE('',(#637),#34,.T.);
#2414=ADVANCED_FACE('',(#638),#35,.T.);
#2415=ADVANCED_FACE('',(#639),#459,.F.);
#2416=ADVANCED_FACE('',(#640),#36,.T.);
#2417=ADVANCED_FACE('',(#641),#460,.T.);
#2418=ADVANCED_FACE('',(#642),#2313,.T.);
#2419=ADVANCED_FACE('',(#643),#461,.F.);
#2420=ADVANCED_FACE('',(#644),#533,.F.);
#2421=ADVANCED_FACE('',(#645),#37,.T.);
#2422=ADVANCED_FACE('',(#646),#462,.T.);
#2423=ADVANCED_FACE('',(#647),#38,.T.);
#2424=ADVANCED_FACE('',(#648),#2314,.T.);
#2425=ADVANCED_FACE('',(#649),#463,.T.);
#2426=ADVANCED_FACE('',(#650),#464,.F.);
#2427=ADVANCED_FACE('',(#651),#39,.F.);
#2428=ADVANCED_FACE('',(#652),#534,.F.);
#2429=ADVANCED_FACE('',(#653),#465,.F.);
#2430=ADVANCED_FACE('',(#654),#466,.T.);
#2431=ADVANCED_FACE('',(#655),#467,.T.);
#2432=ADVANCED_FACE('',(#656),#468,.F.);
#2433=ADVANCED_FACE('',(#657),#40,.T.);
#2434=ADVANCED_FACE('',(#658),#41,.T.);
#2435=ADVANCED_FACE('',(#659),#42,.T.);
#2436=ADVANCED_FACE('',(#660),#469,.T.);
#2437=ADVANCED_FACE('',(#661),#2315,.T.);
#2438=ADVANCED_FACE('',(#662),#535,.F.);
#2439=ADVANCED_FACE('',(#663),#470,.F.);
#2440=ADVANCED_FACE('',(#664),#471,.F.);
#2441=ADVANCED_FACE('',(#665),#472,.T.);
#2442=ADVANCED_FACE('',(#666),#473,.T.);
#2443=ADVANCED_FACE('',(#667),#536,.T.);
#2444=ADVANCED_FACE('',(#668),#474,.T.);
#2445=ADVANCED_FACE('',(#669),#537,.T.);
#2446=ADVANCED_FACE('',(#670),#475,.F.);
#2447=ADVANCED_FACE('',(#671),#43,.T.);
#2448=ADVANCED_FACE('',(#672),#476,.F.);
#2449=ADVANCED_FACE('',(#673),#538,.F.);
#2450=ADVANCED_FACE('',(#674),#477,.F.);
#2451=ADVANCED_FACE('',(#675),#539,.F.);
#2452=ADVANCED_FACE('',(#676),#478,.F.);
#2453=ADVANCED_FACE('',(#677),#2316,.T.);
#2454=ADVANCED_FACE('',(#678),#479,.T.);
#2455=ADVANCED_FACE('',(#679),#480,.T.);
#2456=ADVANCED_FACE('',(#680),#540,.T.);
#2457=ADVANCED_FACE('',(#681),#2317,.T.);
#2458=ADVANCED_FACE('',(#682),#481,.T.);
#2459=ADVANCED_FACE('',(#683),#482,.T.);
#2460=ADVANCED_FACE('',(#684),#483,.T.);
#2461=ADVANCED_FACE('',(#685),#541,.T.);
#2462=ADVANCED_FACE('',(#686),#484,.F.);
#2463=ADVANCED_FACE('',(#687),#44,.T.);
#2464=ADVANCED_FACE('',(#688),#485,.F.);
#2465=ADVANCED_FACE('',(#689),#45,.T.);
#2466=ADVANCED_FACE('',(#690),#486,.F.);
#2467=ADVANCED_FACE('',(#691),#46,.T.);
#2468=ADVANCED_FACE('',(#692),#47,.T.);
#2469=ADVANCED_FACE('',(#693),#48,.T.);
#2470=ADVANCED_FACE('',(#694),#49,.T.);
#2471=ADVANCED_FACE('',(#695),#487,.T.);
#2472=ADVANCED_FACE('',(#696),#50,.T.);
#2473=ADVANCED_FACE('',(#697),#488,.T.);
#2474=ADVANCED_FACE('',(#698),#51,.T.);
#2475=CLOSED_SHELL('',(#2318,#2319,#2320,#2321,#2322,#2323,#2324,#2325,
#2326,#2327,#2328,#2329,#2330,#2331,#2332,#2333,#2334,#2335,#2336,#2337,
#2338,#2339,#2340,#2341,#2342,#2343,#2344,#2345,#2346,#2347,#2348,#2349,
#2350,#2351,#2352,#2353,#2354,#2355,#2356,#2357,#2358,#2359,#2360,#2361,
#2362,#2363,#2364,#2365,#2366,#2367,#2368,#2369,#2370,#2371,#2372,#2373,
#2374,#2375,#2376,#2377,#2378,#2379,#2380,#2381,#2382,#2383,#2384,#2385,
#2386,#2387,#2388,#2389,#2390,#2391,#2392,#2393,#2394,#2395,#2396,#2397,
#2398,#2399,#2400,#2401,#2402,#2403,#2404,#2405,#2406,#2407,#2408,#2409,
#2410,#2411,#2412,#2413,#2414,#2415,#2416,#2417,#2418,#2419,#2420,#2421,
#2422,#2423,#2424,#2425,#2426,#2427,#2428,#2429,#2430,#2431,#2432,#2433,
#2434,#2435,#2436,#2437,#2438,#2439,#2440,#2441,#2442,#2443,#2444,#2445,
#2446,#2447,#2448,#2449,#2450,#2451,#2452,#2453,#2454,#2455,#2456,#2457,
#2458,#2459,#2460,#2461,#2462,#2463,#2464,#2465,#2466,#2467,#2468,#2469,
#2470,#2471,#2472,#2473,#2474));
#2476=AXIS2_PLACEMENT_3D('',#3591,#2792,#2793);
#2477=AXIS2_PLACEMENT_3D('',#3592,#2794,#2795);
#2478=AXIS2_PLACEMENT_3D('',#3595,#2796,#2797);
#2479=AXIS2_PLACEMENT_3D('',#3597,#2798,#2799);
#2480=AXIS2_PLACEMENT_3D('',#3598,#2800,#2801);
#2481=AXIS2_PLACEMENT_3D('',#3599,#2802,#2803);
#2482=AXIS2_PLACEMENT_3D('',#3615,#2804,#2805);
#2483=AXIS2_PLACEMENT_3D('',#3617,#2806,#2807);
#2484=AXIS2_PLACEMENT_3D('',#3619,#2808,#2809);
#2485=AXIS2_PLACEMENT_3D('',#3626,#2810,#2811);
#2486=AXIS2_PLACEMENT_3D('',#3629,#2814,#2815);
#2487=AXIS2_PLACEMENT_3D('',#3632,#2816,#2817);
#2488=AXIS2_PLACEMENT_3D('',#3634,#2818,#2819);
#2489=AXIS2_PLACEMENT_3D('',#3635,#2820,#2821);
#2490=AXIS2_PLACEMENT_3D('',#3636,#2822,#2823);
#2491=AXIS2_PLACEMENT_3D('',#3639,#2824,#2825);
#2492=AXIS2_PLACEMENT_3D('',#3642,#2828,#2829);
#2493=AXIS2_PLACEMENT_3D('',#3645,#2830,#2831);
#2494=AXIS2_PLACEMENT_3D('',#3647,#2832,#2833);
#2495=AXIS2_PLACEMENT_3D('',#3648,#2834,#2835);
#2496=AXIS2_PLACEMENT_3D('',#3649,#2836,#2837);
#2497=AXIS2_PLACEMENT_3D('',#3654,#2841,#2842);
#2498=AXIS2_PLACEMENT_3D('',#3657,#2845,#2846);
#2499=AXIS2_PLACEMENT_3D('',#3659,#2847,#2848);
#2500=AXIS2_PLACEMENT_3D('',#3662,#2851,#2852);
#2501=AXIS2_PLACEMENT_3D('',#3671,#2853,#2854);
#2502=AXIS2_PLACEMENT_3D('',#3672,#2855,#2856);
#2503=AXIS2_PLACEMENT_3D('',#3735,#2857,#2858);
#2504=AXIS2_PLACEMENT_3D('',#3743,#2859,#2860);
#2505=AXIS2_PLACEMENT_3D('',#3744,#2861,#2862);
#2506=AXIS2_PLACEMENT_3D('',#3745,#2863,#2864);
#2507=AXIS2_PLACEMENT_3D('',#3746,#2865,#2866);
#2508=AXIS2_PLACEMENT_3D('',#3748,#2867,#2868);
#2509=AXIS2_PLACEMENT_3D('',#3754,#2869,#2870);
#2510=AXIS2_PLACEMENT_3D('',#3755,#2871,#2872);
#2511=AXIS2_PLACEMENT_3D('',#3757,#2873,#2874);
#2512=AXIS2_PLACEMENT_3D('',#3769,#2877,#2878);
#2513=AXIS2_PLACEMENT_3D('',#3772,#2880,#2881);
#2514=AXIS2_PLACEMENT_3D('',#3773,#2882,#2883);
#2515=AXIS2_PLACEMENT_3D('',#3776,#2885,#2886);
#2516=AXIS2_PLACEMENT_3D('',#3777,#2887,#2888);
#2517=AXIS2_PLACEMENT_3D('',#3779,#2890,#2891);
#2518=AXIS2_PLACEMENT_3D('',#3785,#2892,#2893);
#2519=AXIS2_PLACEMENT_3D('',#3788,#2895,#2896);
#2520=AXIS2_PLACEMENT_3D('',#3789,#2897,#2898);
#2521=AXIS2_PLACEMENT_3D('',#3790,#2899,#2900);
#2522=AXIS2_PLACEMENT_3D('',#3791,#2901,#2902);
#2523=AXIS2_PLACEMENT_3D('',#3792,#2903,#2904);
#2524=AXIS2_PLACEMENT_3D('',#3818,#2905,#2906);
#2525=AXIS2_PLACEMENT_3D('',#3846,#2910,#2911);
#2526=AXIS2_PLACEMENT_3D('',#3849,#2913,#2914);
#2527=AXIS2_PLACEMENT_3D('',#3850,#2915,#2916);
#2528=AXIS2_PLACEMENT_3D('',#3851,#2917,#2918);
#2529=AXIS2_PLACEMENT_3D('',#3853,#2919,#2920);
#2530=AXIS2_PLACEMENT_3D('',#3862,#2921,#2922);
#2531=AXIS2_PLACEMENT_3D('',#3864,#2923,#2924);
#2532=AXIS2_PLACEMENT_3D('',#3868,#2926,#2927);
#2533=AXIS2_PLACEMENT_3D('',#3870,#2929,#2930);
#2534=AXIS2_PLACEMENT_3D('',#3881,#2931,#2932);
#2535=AXIS2_PLACEMENT_3D('',#3883,#2934,#2935);
#2536=AXIS2_PLACEMENT_3D('',#3887,#2937,#2938);
#2537=AXIS2_PLACEMENT_3D('',#3889,#2940,#2941);
#2538=AXIS2_PLACEMENT_3D('',#3891,#2942,#2943);
#2539=AXIS2_PLACEMENT_3D('',#3897,#2946,#2947);
#2540=AXIS2_PLACEMENT_3D('',#3914,#2956,#2957);
#2541=AXIS2_PLACEMENT_3D('',#3918,#2959,#2960);
#2542=AXIS2_PLACEMENT_3D('',#3922,#2962,#2963);
#2543=AXIS2_PLACEMENT_3D('',#3926,#2965,#2966);
#2544=AXIS2_PLACEMENT_3D('',#3932,#2970,#2971);
#2545=AXIS2_PLACEMENT_3D('',#3933,#2972,#2973);
#2546=AXIS2_PLACEMENT_3D('',#3935,#2975,#2976);
#2547=AXIS2_PLACEMENT_3D('',#3940,#2978,#2979);
#2548=AXIS2_PLACEMENT_3D('',#3943,#2981,#2982);
#2549=AXIS2_PLACEMENT_3D('',#3944,#2983,#2984);
#2550=AXIS2_PLACEMENT_3D('',#3949,#2986,#2987);
#2551=AXIS2_PLACEMENT_3D('',#3952,#2989,#2990);
#2552=AXIS2_PLACEMENT_3D('',#3953,#2991,#2992);
#2553=AXIS2_PLACEMENT_3D('',#3966,#2995,#2996);
#2554=AXIS2_PLACEMENT_3D('',#3967,#2997,#2998);
#2555=AXIS2_PLACEMENT_3D('',#3968,#2999,#3000);
#2556=AXIS2_PLACEMENT_3D('',#3969,#3001,#3002);
#2557=AXIS2_PLACEMENT_3D('',#3971,#3003,#3004);
#2558=AXIS2_PLACEMENT_3D('',#3973,#3006,#3007);
#2559=AXIS2_PLACEMENT_3D('',#3976,#3008,#3009);
#2560=AXIS2_PLACEMENT_3D('',#3977,#3010,#3011);
#2561=AXIS2_PLACEMENT_3D('',#3978,#3012,#3013);
#2562=AXIS2_PLACEMENT_3D('',#3979,#3014,#3015);
#2563=AXIS2_PLACEMENT_3D('',#4004,#3018,#3019);
#2564=AXIS2_PLACEMENT_3D('',#4005,#3020,#3021);
#2565=AXIS2_PLACEMENT_3D('',#4006,#3022,#3023);
#2566=AXIS2_PLACEMENT_3D('',#4007,#3024,#3025);
#2567=AXIS2_PLACEMENT_3D('',#4009,#3026,#3027);
#2568=AXIS2_PLACEMENT_3D('',#4011,#3029,#3030);
#2569=AXIS2_PLACEMENT_3D('',#4014,#3031,#3032);
#2570=AXIS2_PLACEMENT_3D('',#4015,#3033,#3034);
#2571=AXIS2_PLACEMENT_3D('',#4016,#3035,#3036);
#2572=AXIS2_PLACEMENT_3D('',#4017,#3037,#3038);
#2573=AXIS2_PLACEMENT_3D('',#4032,#3041,#3042);
#2574=AXIS2_PLACEMENT_3D('',#4034,#3043,#3044);
#2575=AXIS2_PLACEMENT_3D('',#4036,#3046,#3047);
#2576=AXIS2_PLACEMENT_3D('',#4039,#3049,#3050);
#2577=AXIS2_PLACEMENT_3D('',#4040,#3051,#3052);
#2578=AXIS2_PLACEMENT_3D('',#4049,#3058,#3059);
#2579=AXIS2_PLACEMENT_3D('',#4052,#3061,#3062);
#2580=AXIS2_PLACEMENT_3D('',#4053,#3063,#3064);
#2581=AXIS2_PLACEMENT_3D('',#4057,#3067,#3068);
#2582=AXIS2_PLACEMENT_3D('',#4058,#3069,#3070);
#2583=AXIS2_PLACEMENT_3D('',#4059,#3071,#3072);
#2584=AXIS2_PLACEMENT_3D('',#4062,#3074,#3075);
#2585=AXIS2_PLACEMENT_3D('',#4063,#3076,#3077);
#2586=AXIS2_PLACEMENT_3D('',#4065,#3078,#3079);
#2587=AXIS2_PLACEMENT_3D('',#4066,#3080,#3081);
#2588=AXIS2_PLACEMENT_3D('',#4067,#3082,#3083);
#2589=AXIS2_PLACEMENT_3D('',#4069,#3084,#3085);
#2590=AXIS2_PLACEMENT_3D('',#4071,#3087,#3088);
#2591=AXIS2_PLACEMENT_3D('',#4073,#3089,#3090);
#2592=AXIS2_PLACEMENT_3D('',#4074,#3091,#3092);
#2593=AXIS2_PLACEMENT_3D('',#4075,#3093,#3094);
#2594=AXIS2_PLACEMENT_3D('',#4077,#3095,#3096);
#2595=AXIS2_PLACEMENT_3D('',#4079,#3098,#3099);
#2596=AXIS2_PLACEMENT_3D('',#4081,#3100,#3101);
#2597=AXIS2_PLACEMENT_3D('',#4082,#3102,#3103);
#2598=AXIS2_PLACEMENT_3D('',#4083,#3104,#3105);
#2599=AXIS2_PLACEMENT_3D('',#4085,#3106,#3107);
#2600=AXIS2_PLACEMENT_3D('',#4087,#3109,#3110);
#2601=AXIS2_PLACEMENT_3D('',#4088,#3111,#3112);
#2602=AXIS2_PLACEMENT_3D('',#4089,#3113,#3114);
#2603=AXIS2_PLACEMENT_3D('',#4093,#3116,#3117);
#2604=AXIS2_PLACEMENT_3D('',#4095,#3119,#3120);
#2605=AXIS2_PLACEMENT_3D('',#4099,#3123,#3124);
#2606=AXIS2_PLACEMENT_3D('',#4102,#3126,#3127);
#2607=AXIS2_PLACEMENT_3D('',#4103,#3128,#3129);
#2608=AXIS2_PLACEMENT_3D('',#4107,#3132,#3133);
#2609=AXIS2_PLACEMENT_3D('',#4110,#3135,#3136);
#2610=AXIS2_PLACEMENT_3D('',#4111,#3137,#3138);
#2611=AXIS2_PLACEMENT_3D('',#4115,#3141,#3142);
#2612=AXIS2_PLACEMENT_3D('',#4118,#3144,#3145);
#2613=AXIS2_PLACEMENT_3D('',#4119,#3146,#3147);
#2614=AXIS2_PLACEMENT_3D('',#4121,#3149,#3150);
#2615=AXIS2_PLACEMENT_3D('',#4123,#3151,#3152);
#2616=AXIS2_PLACEMENT_3D('',#4124,#3153,#3154);
#2617=AXIS2_PLACEMENT_3D('',#4125,#3155,#3156);
#2618=AXIS2_PLACEMENT_3D('',#4127,#3157,#3158);
#2619=AXIS2_PLACEMENT_3D('',#4128,#3159,#3160);
#2620=AXIS2_PLACEMENT_3D('',#4129,#3161,#3162);
#2621=AXIS2_PLACEMENT_3D('',#4131,#3164,#3165);
#2622=AXIS2_PLACEMENT_3D('',#4133,#3166,#3167);
#2623=AXIS2_PLACEMENT_3D('',#4134,#3168,#3169);
#2624=AXIS2_PLACEMENT_3D('',#4135,#3170,#3171);
#2625=AXIS2_PLACEMENT_3D('',#4137,#3172,#3173);
#2626=AXIS2_PLACEMENT_3D('',#4138,#3174,#3175);
#2627=AXIS2_PLACEMENT_3D('',#4139,#3176,#3177);
#2628=AXIS2_PLACEMENT_3D('',#4141,#3179,#3180);
#2629=AXIS2_PLACEMENT_3D('',#4143,#3182,#3183);
#2630=AXIS2_PLACEMENT_3D('',#4145,#3185,#3186);
#2631=AXIS2_PLACEMENT_3D('',#4146,#3187,#3188);
#2632=AXIS2_PLACEMENT_3D('',#4147,#3189,#3190);
#2633=AXIS2_PLACEMENT_3D('',#4148,#3191,#3192);
#2634=AXIS2_PLACEMENT_3D('',#4180,#3193,#3194);
#2635=AXIS2_PLACEMENT_3D('',#4181,#3195,#3196);
#2636=AXIS2_PLACEMENT_3D('',#4212,#3197,#3198);
#2637=AXIS2_PLACEMENT_3D('',#4244,#3199,#3200);
#2638=AXIS2_PLACEMENT_3D('',#4245,#3201,#3202);
#2639=AXIS2_PLACEMENT_3D('',#4278,#3203,#3204);
#2640=AXIS2_PLACEMENT_3D('',#4279,#3205,#3206);
#2641=AXIS2_PLACEMENT_3D('',#4280,#3207,#3208);
#2642=AXIS2_PLACEMENT_3D('',#4281,#3209,#3210);
#2643=AXIS2_PLACEMENT_3D('',#4283,#3212,#3213);
#2644=AXIS2_PLACEMENT_3D('',#4285,#3215,#3216);
#2645=AXIS2_PLACEMENT_3D('',#4288,#3218,#3219);
#2646=AXIS2_PLACEMENT_3D('',#4289,#3220,#3221);
#2647=AXIS2_PLACEMENT_3D('',#4293,#3224,#3225);
#2648=AXIS2_PLACEMENT_3D('',#4296,#3227,#3228);
#2649=AXIS2_PLACEMENT_3D('',#4297,#3229,#3230);
#2650=AXIS2_PLACEMENT_3D('',#4300,#3231,#3232);
#2651=AXIS2_PLACEMENT_3D('',#4302,#3233,#3234);
#2652=AXIS2_PLACEMENT_3D('',#4312,#3235,#3236);
#2653=AXIS2_PLACEMENT_3D('',#4313,#3237,#3238);
#2654=AXIS2_PLACEMENT_3D('',#4315,#3239,#3240);
#2655=AXIS2_PLACEMENT_3D('',#4316,#3241,#3242);
#2656=AXIS2_PLACEMENT_3D('',#4317,#3243,#3244);
#2657=AXIS2_PLACEMENT_3D('',#4319,#3245,#3246);
#2658=AXIS2_PLACEMENT_3D('',#4320,#3247,#3248);
#2659=AXIS2_PLACEMENT_3D('',#4321,#3249,#3250);
#2660=AXIS2_PLACEMENT_3D('',#4324,#3251,#3252);
#2661=AXIS2_PLACEMENT_3D('',#4377,#3255,#3256);
#2662=AXIS2_PLACEMENT_3D('',#4388,#3257,#3258);
#2663=AXIS2_PLACEMENT_3D('',#4390,#3259,#3260);
#2664=AXIS2_PLACEMENT_3D('',#4392,#3262,#3263);
#2665=AXIS2_PLACEMENT_3D('',#4394,#3265,#3266);
#2666=AXIS2_PLACEMENT_3D('',#4413,#3271,#3272);
#2667=AXIS2_PLACEMENT_3D('',#4417,#3274,#3275);
#2668=AXIS2_PLACEMENT_3D('',#4426,#3277,#3278);
#2669=AXIS2_PLACEMENT_3D('',#4431,#3280,#3281);
#2670=AXIS2_PLACEMENT_3D('',#4442,#3282,#3283);
#2671=AXIS2_PLACEMENT_3D('',#4443,#3284,#3285);
#2672=AXIS2_PLACEMENT_3D('',#4445,#3286,#3287);
#2673=AXIS2_PLACEMENT_3D('',#4447,#3289,#3290);
#2674=AXIS2_PLACEMENT_3D('',#4456,#3291,#3292);
#2675=AXIS2_PLACEMENT_3D('',#4483,#3293,#3294);
#2676=AXIS2_PLACEMENT_3D('',#4489,#3297,#3298);
#2677=AXIS2_PLACEMENT_3D('',#4491,#3300,#3301);
#2678=AXIS2_PLACEMENT_3D('',#4540,#3310,#3311);
#2679=AXIS2_PLACEMENT_3D('',#4543,#3313,#3314);
#2680=AXIS2_PLACEMENT_3D('',#4544,#3315,#3316);
#2681=AXIS2_PLACEMENT_3D('',#4550,#3320,#3321);
#2682=AXIS2_PLACEMENT_3D('',#4551,#3322,#3323);
#2683=AXIS2_PLACEMENT_3D('',#4552,#3324,#3325);
#2684=AXIS2_PLACEMENT_3D('',#4554,#3326,#3327);
#2685=AXIS2_PLACEMENT_3D('',#4555,#3328,#3329);
#2686=AXIS2_PLACEMENT_3D('',#4556,#3330,#3331);
#2687=AXIS2_PLACEMENT_3D('',#4560,#3333,#3334);
#2688=AXIS2_PLACEMENT_3D('',#4562,#3336,#3337);
#2689=AXIS2_PLACEMENT_3D('',#4571,#3338,#3339);
#2690=AXIS2_PLACEMENT_3D('',#4572,#3340,#3341);
#2691=AXIS2_PLACEMENT_3D('',#4579,#3342,#3343);
#2692=AXIS2_PLACEMENT_3D('',#4583,#3346,#3347);
#2693=AXIS2_PLACEMENT_3D('',#4585,#3349,#3350);
#2694=AXIS2_PLACEMENT_3D('',#4586,#3351,#3352);
#2695=AXIS2_PLACEMENT_3D('',#4588,#3354,#3355);
#2696=AXIS2_PLACEMENT_3D('',#4589,#3356,#3357);
#2697=AXIS2_PLACEMENT_3D('',#4590,#3358,#3359);
#2698=AXIS2_PLACEMENT_3D('',#4591,#3360,#3361);
#2699=AXIS2_PLACEMENT_3D('',#4592,#3362,#3363);
#2700=AXIS2_PLACEMENT_3D('',#4596,#3365,#3366);
#2701=AXIS2_PLACEMENT_3D('',#4600,#3368,#3369);
#2702=AXIS2_PLACEMENT_3D('',#4605,#3372,#3373);
#2703=AXIS2_PLACEMENT_3D('',#4607,#3375,#3376);
#2704=AXIS2_PLACEMENT_3D('',#4610,#3377,#3378);
#2705=AXIS2_PLACEMENT_3D('',#4611,#3379,#3380);
#2706=AXIS2_PLACEMENT_3D('',#4613,#3381,#3382);
#2707=AXIS2_PLACEMENT_3D('',#4614,#3383,#3384);
#2708=AXIS2_PLACEMENT_3D('',#4615,#3385,#3386);
#2709=AXIS2_PLACEMENT_3D('',#4617,#3388,#3389);
#2710=AXIS2_PLACEMENT_3D('',#4619,#3391,#3392);
#2711=AXIS2_PLACEMENT_3D('',#4630,#3394,#3395);
#2712=AXIS2_PLACEMENT_3D('',#4633,#3396,#3397);
#2713=AXIS2_PLACEMENT_3D('',#4636,#3400,#3401);
#2714=AXIS2_PLACEMENT_3D('',#4639,#3403,#3404);
#2715=AXIS2_PLACEMENT_3D('',#4644,#3407,#3408);
#2716=AXIS2_PLACEMENT_3D('',#4645,#3409,#3410);
#2717=AXIS2_PLACEMENT_3D('',#4649,#3413,#3414);
#2718=AXIS2_PLACEMENT_3D('',#4650,#3415,#3416);
#2719=AXIS2_PLACEMENT_3D('',#4651,#3417,#3418);
#2720=AXIS2_PLACEMENT_3D('',#4652,#3419,#3420);
#2721=AXIS2_PLACEMENT_3D('',#4654,#3421,#3422);
#2722=AXIS2_PLACEMENT_3D('',#4656,#3423,#3424);
#2723=AXIS2_PLACEMENT_3D('',#4657,#3425,#3426);
#2724=AXIS2_PLACEMENT_3D('',#4658,#3427,#3428);
#2725=AXIS2_PLACEMENT_3D('',#4661,#3429,#3430);
#2726=AXIS2_PLACEMENT_3D('',#4662,#3431,#3432);
#2727=AXIS2_PLACEMENT_3D('',#4663,#3433,#3434);
#2728=AXIS2_PLACEMENT_3D('',#4664,#3435,#3436);
#2729=AXIS2_PLACEMENT_3D('',#4666,#3437,#3438);
#2730=AXIS2_PLACEMENT_3D('',#4668,#3440,#3441);
#2731=AXIS2_PLACEMENT_3D('',#4670,#3442,#3443);
#2732=AXIS2_PLACEMENT_3D('',#4672,#3445,#3446);
#2733=AXIS2_PLACEMENT_3D('',#4675,#3449,#3450);
#2734=AXIS2_PLACEMENT_3D('',#4677,#3451,#3452);
#2735=AXIS2_PLACEMENT_3D('',#4679,#3454,#3455);
#2736=AXIS2_PLACEMENT_3D('',#4680,#3456,#3457);
#2737=AXIS2_PLACEMENT_3D('',#4681,#3458,#3459);
#2738=AXIS2_PLACEMENT_3D('',#4683,#3460,#3461);
#2739=AXIS2_PLACEMENT_3D('',#4685,#3463,#3464);
#2740=AXIS2_PLACEMENT_3D('',#4686,#3465,#3466);
#2741=AXIS2_PLACEMENT_3D('',#4687,#3467,#3468);
#2742=AXIS2_PLACEMENT_3D('',#4689,#3470,#3471);
#2743=AXIS2_PLACEMENT_3D('',#4691,#3473,#3474);
#2744=AXIS2_PLACEMENT_3D('',#4692,#3475,#3476);
#2745=AXIS2_PLACEMENT_3D('',#4694,#3477,#3478);
#2746=AXIS2_PLACEMENT_3D('',#4696,#3479,#3480);
#2747=AXIS2_PLACEMENT_3D('',#4697,#3481,#3482);
#2748=AXIS2_PLACEMENT_3D('',#4698,#3483,#3484);
#2749=AXIS2_PLACEMENT_3D('',#4700,#3485,#3486);
#2750=AXIS2_PLACEMENT_3D('',#4702,#3488,#3489);
#2751=AXIS2_PLACEMENT_3D('',#4704,#3490,#3491);
#2752=AXIS2_PLACEMENT_3D('',#4706,#3492,#3493);
#2753=AXIS2_PLACEMENT_3D('',#4707,#3494,#3495);
#2754=AXIS2_PLACEMENT_3D('',#4708,#3496,#3497);
#2755=AXIS2_PLACEMENT_3D('',#4710,#3499,#3500);
#2756=AXIS2_PLACEMENT_3D('',#4713,#3501,#3502);
#2757=AXIS2_PLACEMENT_3D('',#4715,#3503,#3504);
#2758=AXIS2_PLACEMENT_3D('',#4716,#3505,#3506);
#2759=AXIS2_PLACEMENT_3D('',#4717,#3507,#3508);
#2760=AXIS2_PLACEMENT_3D('',#4720,#3511,#3512);
#2761=AXIS2_PLACEMENT_3D('',#4723,#3513,#3514);
#2762=AXIS2_PLACEMENT_3D('',#4726,#3517,#3518);
#2763=AXIS2_PLACEMENT_3D('',#4727,#3519,#3520);
#2764=AXIS2_PLACEMENT_3D('',#4728,#3521,#3522);
#2765=AXIS2_PLACEMENT_3D('',#4729,#3523,#3524);
#2766=AXIS2_PLACEMENT_3D('',#4732,#3525,#3526);
#2767=AXIS2_PLACEMENT_3D('',#4734,#3527,#3528);
#2768=AXIS2_PLACEMENT_3D('',#4735,#3529,#3530);
#2769=AXIS2_PLACEMENT_3D('',#4736,#3531,#3532);
#2770=AXIS2_PLACEMENT_3D('',#4739,#3535,#3536);
#2771=AXIS2_PLACEMENT_3D('',#4742,#3539,#3540);
#2772=AXIS2_PLACEMENT_3D('',#4745,#3541,#3542);
#2773=AXIS2_PLACEMENT_3D('',#4748,#3545,#3546);
#2774=AXIS2_PLACEMENT_3D('',#4749,#3547,#3548);
#2775=AXIS2_PLACEMENT_3D('',#4750,#3549,#3550);
#2776=AXIS2_PLACEMENT_3D('',#4751,#3551,#3552);
#2777=AXIS2_PLACEMENT_3D('',#4753,#3553,#3554);
#2778=AXIS2_PLACEMENT_3D('',#4755,#3556,#3557);
#2779=AXIS2_PLACEMENT_3D('',#4757,#3559,#3560);
#2780=AXIS2_PLACEMENT_3D('',#4758,#3561,#3562);
#2781=AXIS2_PLACEMENT_3D('',#4759,#3563,#3564);
#2782=AXIS2_PLACEMENT_3D('',#4761,#3566,#3567);
#2783=AXIS2_PLACEMENT_3D('',#4762,#3568,#3569);
#2784=AXIS2_PLACEMENT_3D('',#4763,#3570,#3571);
#2785=AXIS2_PLACEMENT_3D('',#4764,#3572,#3573);
#2786=AXIS2_PLACEMENT_3D('',#4768,#3575,#3576);
#2787=AXIS2_PLACEMENT_3D('',#4771,#3578,#3579);
#2788=AXIS2_PLACEMENT_3D('',#4772,#3580,#3581);
#2789=AXIS2_PLACEMENT_3D('',#4775,#3584,#3585);
#2790=AXIS2_PLACEMENT_3D('',#4777,#3587,#3588);
#2791=AXIS2_PLACEMENT_3D('',#4778,#3589,#3590);
#2792=DIRECTION('axis',(0.,0.,1.));
#2793=DIRECTION('refdir',(1.,0.,0.));
#2794=DIRECTION('center_axis',(-0.408248290463868,0.408248290463854,-0.816496580927728));
#2795=DIRECTION('ref_axis',(-0.577350269189632,0.577350269189618,0.577350269189628));
#2796=DIRECTION('center_axis',(-1.,0.,0.));
#2797=DIRECTION('ref_axis',(0.,1.,0.));
#2798=DIRECTION('center_axis',(0.,0.,1.));
#2799=DIRECTION('ref_axis',(-1.,0.,0.));
#2800=DIRECTION('center_axis',(0.,1.,0.));
#2801=DIRECTION('ref_axis',(0.,0.,1.));
#2802=DIRECTION('center_axis',(-1.,0.,0.));
#2803=DIRECTION('ref_axis',(0.,0.,1.));
#2804=DIRECTION('center_axis',(-1.,0.,0.));
#2805=DIRECTION('ref_axis',(0.,-0.774596669241481,-0.632455532033678));
#2806=DIRECTION('center_axis',(0.,0.,-1.));
#2807=DIRECTION('ref_axis',(-1.,0.,0.));
#2808=DIRECTION('center_axis',(1.,0.,0.));
#2809=DIRECTION('ref_axis',(0.,-0.774596669241481,-0.632455532033678));
#2810=DIRECTION('center_axis',(0.,0.,1.));
#2811=DIRECTION('ref_axis',(-0.707106781186554,0.707106781186541,0.));
#2812=DIRECTION('',(0.,0.,-1.));
#2813=DIRECTION('',(0.,0.,1.));
#2814=DIRECTION('center_axis',(-0.816496580927738,-0.408248290463855,0.408248290463846));
#2815=DIRECTION('ref_axis',(0.577350269189632,-0.577350269189632,0.577350269189613));
#2816=DIRECTION('center_axis',(0.,0.,1.));
#2817=DIRECTION('ref_axis',(0.707106781186522,-0.707106781186573,0.));
#2818=DIRECTION('center_axis',(1.77635683940035E-14,-1.,0.));
#2819=DIRECTION('ref_axis',(0.,0.,1.));
#2820=DIRECTION('center_axis',(1.,0.,0.));
#2821=DIRECTION('ref_axis',(0.,-1.,0.));
#2822=DIRECTION('center_axis',(0.,1.,0.));
#2823=DIRECTION('ref_axis',(0.707106781186526,0.,0.70710678118657));
#2824=DIRECTION('center_axis',(0.,-1.,0.));
#2825=DIRECTION('ref_axis',(1.,0.,4.44089209850088E-15));
#2826=DIRECTION('',(0.,-1.,0.));
#2827=DIRECTION('',(0.,-1.,0.));
#2828=DIRECTION('center_axis',(0.408248290463858,-0.81649658092773,-0.408248290463861));
#2829=DIRECTION('ref_axis',(-0.577350269189624,-0.577350269189624,0.577350269189629));
#2830=DIRECTION('center_axis',(0.,0.,1.));
#2831=DIRECTION('ref_axis',(-0.707106781186554,-0.707106781186541,0.));
#2832=DIRECTION('center_axis',(-1.,3.55271367880051E-14,0.));
#2833=DIRECTION('ref_axis',(0.,0.,1.));
#2834=DIRECTION('center_axis',(0.,-1.,0.));
#2835=DIRECTION('ref_axis',(-1.,0.,0.));
#2836=DIRECTION('center_axis',(1.,0.,0.));
#2837=DIRECTION('ref_axis',(0.,-0.707106781186538,0.707106781186557));
#2838=DIRECTION('',(-1.,0.,0.));
#2839=DIRECTION('',(-1.,0.,0.));
#2840=DIRECTION('',(1.,0.,0.));
#2841=DIRECTION('center_axis',(0.,-1.,0.));
#2842=DIRECTION('ref_axis',(-0.707106781186551,0.,0.707106781186544));
#2843=DIRECTION('',(0.,1.,0.));
#2844=DIRECTION('',(0.,-1.,0.));
#2845=DIRECTION('center_axis',(-1.,0.,0.));
#2846=DIRECTION('ref_axis',(0.,0.707106781186544,0.707106781186551));
#2847=DIRECTION('center_axis',(-1.,0.,0.));
#2848=DIRECTION('ref_axis',(0.,0.,1.));
#2849=DIRECTION('',(-1.,0.,0.));
#2850=DIRECTION('',(1.,0.,0.));
#2851=DIRECTION('center_axis',(-1.,0.,0.));
#2852=DIRECTION('ref_axis',(0.,0.,1.));
#2853=DIRECTION('center_axis',(1.,0.,0.));
#2854=DIRECTION('ref_axis',(0.,0.707106781186559,-0.707106781186536));
#2855=DIRECTION('center_axis',(-1.,0.,0.));
#2856=DIRECTION('ref_axis',(0.,0.707106781186559,-0.707106781186536));
#2857=DIRECTION('center_axis',(0.0635083268962885,-4.43192730803527E-15,
-0.997981308650034));
#2858=DIRECTION('ref_axis',(0.997981308650034,0.,0.0635083268962885));
#2859=DIRECTION('center_axis',(0.,1.,0.));
#2860=DIRECTION('ref_axis',(0.,0.,1.));
#2861=DIRECTION('center_axis',(0.,-1.,0.));
#2862=DIRECTION('ref_axis',(-0.997973091963023,0.,-0.0636373138792352));
#2863=DIRECTION('center_axis',(0.,1.,0.));
#2864=DIRECTION('ref_axis',(-0.997973091963023,0.,-0.0636373138792352));
#2865=DIRECTION('center_axis',(0.228522536770128,0.167347649152503,-0.959047555917472));
#2866=DIRECTION('ref_axis',(0.773760894647116,0.566627119388209,0.283245097907651));
#2867=DIRECTION('center_axis',(0.,0.,-1.));
#2868=DIRECTION('ref_axis',(0.707106781186565,0.70710678118653,0.));
#2869=DIRECTION('center_axis',(0.,0.,1.));
#2870=DIRECTION('ref_axis',(0.707106781186556,0.707106781186539,0.));
#2871=DIRECTION('center_axis',(-1.,0.,0.));
#2872=DIRECTION('ref_axis',(0.,0.707106781186548,0.707106781186547));
#2873=DIRECTION('center_axis',(0.707106781186544,-0.707106781186551,0.));
#2874=DIRECTION('ref_axis',(-0.707106781186551,-0.707106781186544,0.));
#2875=DIRECTION('',(-1.,0.,0.));
#2876=DIRECTION('',(1.,0.,0.));
#2877=DIRECTION('center_axis',(0.894427190999914,-0.447213595499963,0.));
#2878=DIRECTION('ref_axis',(0.447213595499963,0.894427190999913,0.));
#2879=DIRECTION('',(-1.,0.,0.));
#2880=DIRECTION('center_axis',(-0.894427190999917,-0.447213595499956,3.97205464519562E-15));
#2881=DIRECTION('ref_axis',(-0.447213595499956,0.894427190999917,0.));
#2882=DIRECTION('center_axis',(1.,0.,0.));
#2883=DIRECTION('ref_axis',(0.,-0.774596669241481,-0.632455532033679));
#2884=DIRECTION('',(1.,0.,0.));
#2885=DIRECTION('center_axis',(1.,0.,0.));
#2886=DIRECTION('ref_axis',(0.,-1.,0.));
#2887=DIRECTION('center_axis',(0.,1.,0.));
#2888=DIRECTION('ref_axis',(-1.,0.,0.));
#2889=DIRECTION('',(0.,0.,1.));
#2890=DIRECTION('center_axis',(0.,0.,1.));
#2891=DIRECTION('ref_axis',(0.707106781186529,0.707106781186566,0.));
#2892=DIRECTION('center_axis',(0.,1.,0.));
#2893=DIRECTION('ref_axis',(-0.707106781186527,0.,-0.707106781186568));
#2894=DIRECTION('',(0.,1.,0.));
#2895=DIRECTION('center_axis',(0.,1.,0.));
#2896=DIRECTION('ref_axis',(0.,0.,-1.));
#2897=DIRECTION('center_axis',(0.,0.,1.));
#2898=DIRECTION('ref_axis',(1.,0.,0.));
#2899=DIRECTION('center_axis',(0.,0.,-1.));
#2900=DIRECTION('ref_axis',(-1.,0.,0.));
#2901=DIRECTION('center_axis',(-0.49999999999997,0.866025403784456,0.));
#2902=DIRECTION('ref_axis',(0.,0.,-1.));
#2903=DIRECTION('center_axis',(0.,0.,1.));
#2904=DIRECTION('ref_axis',(0.707106781186565,0.70710678118653,0.));
#2905=DIRECTION('center_axis',(-1.,0.,0.));
#2906=DIRECTION('ref_axis',(0.,0.790569415042095,-0.612372435695794));
#2907=DIRECTION('',(1.,0.,0.));
#2908=DIRECTION('',(1.,0.,0.));
#2909=DIRECTION('',(-1.,0.,0.));
#2910=DIRECTION('center_axis',(-1.,0.,0.));
#2911=DIRECTION('ref_axis',(0.,0.70710678118654,-0.707106781186555));
#2912=DIRECTION('',(1.,0.,0.));
#2913=DIRECTION('center_axis',(1.,0.,0.));
#2914=DIRECTION('ref_axis',(0.,0.,-1.));
#2915=DIRECTION('center_axis',(0.,-1.,0.));
#2916=DIRECTION('ref_axis',(0.,0.,-1.));
#2917=DIRECTION('center_axis',(0.,-1.,0.));
#2918=DIRECTION('ref_axis',(0.,0.,1.));
#2919=DIRECTION('center_axis',(0.,1.,0.));
#2920=DIRECTION('ref_axis',(0.,0.,1.));
#2921=DIRECTION('center_axis',(0.,-1.,0.));
#2922=DIRECTION('ref_axis',(-0.707106781186561,0.,0.707106781186534));
#2923=DIRECTION('center_axis',(0.707106781186552,-0.707106781186543,0.));
#2924=DIRECTION('ref_axis',(0.707106781186543,0.707106781186552,0.));
#2925=DIRECTION('',(0.,-1.,0.));
#2926=DIRECTION('center_axis',(0.,1.,0.));
#2927=DIRECTION('ref_axis',(-1.,0.,0.));
#2928=DIRECTION('',(0.,1.,0.));
#2929=DIRECTION('center_axis',(1.,0.,0.));
#2930=DIRECTION('ref_axis',(0.,-0.707106781186548,0.707106781186547));
#2931=DIRECTION('center_axis',(-1.,0.,0.));
#2932=DIRECTION('ref_axis',(0.,-0.707106781186548,0.707106781186547));
#2933=DIRECTION('',(1.,0.,0.));
#2934=DIRECTION('center_axis',(0.,1.,0.));
#2935=DIRECTION('ref_axis',(0.707106781186544,0.,0.707106781186551));
#2936=DIRECTION('',(0.,1.,0.));
#2937=DIRECTION('center_axis',(0.,-1.,0.));
#2938=DIRECTION('ref_axis',(0.,0.,1.));
#2939=DIRECTION('',(0.,1.,0.));
#2940=DIRECTION('center_axis',(0.,0.,1.));
#2941=DIRECTION('ref_axis',(1.,0.,0.));
#2942=DIRECTION('center_axis',(0.,0.,1.));
#2943=DIRECTION('ref_axis',(0.789940354155668,-0.613183689343102,0.));
#2944=DIRECTION('',(0.,-1.,0.));
#2945=DIRECTION('',(1.,0.,0.));
#2946=DIRECTION('center_axis',(0.,0.,1.));
#2947=DIRECTION('ref_axis',(0.,-1.,0.));
#2948=DIRECTION('',(1.,0.,0.));
#2949=DIRECTION('',(0.,-1.,0.));
#2950=DIRECTION('',(1.,0.,0.));
#2951=DIRECTION('',(0.,1.,0.));
#2952=DIRECTION('',(-1.,0.,0.));
#2953=DIRECTION('',(0.,-1.,0.));
#2954=DIRECTION('',(1.,0.,0.));
#2955=DIRECTION('',(0.,1.,0.));
#2956=DIRECTION('center_axis',(0.,0.,1.));
#2957=DIRECTION('ref_axis',(0.707106781186565,-0.70710678118653,0.));
#2958=DIRECTION('',(1.,0.,0.));
#2959=DIRECTION('center_axis',(0.,0.,1.));
#2960=DIRECTION('ref_axis',(-0.707106781186565,-0.70710678118653,0.));
#2961=DIRECTION('',(0.,-1.,0.));
#2962=DIRECTION('center_axis',(0.,0.,1.));
#2963=DIRECTION('ref_axis',(-0.707106781186565,0.70710678118653,0.));
#2964=DIRECTION('',(-1.,0.,0.));
#2965=DIRECTION('center_axis',(0.,0.,1.));
#2966=DIRECTION('ref_axis',(0.707106781186565,0.70710678118653,0.));
#2967=DIRECTION('',(0.,1.,0.));
#2968=DIRECTION('',(-1.,0.,0.));
#2969=DIRECTION('',(0.,-1.,0.));
#2970=DIRECTION('center_axis',(0.,-1.,0.));
#2971=DIRECTION('ref_axis',(1.,0.,0.));
#2972=DIRECTION('center_axis',(-1.,0.,0.));
#2973=DIRECTION('ref_axis',(0.,-1.,0.));
#2974=DIRECTION('',(0.,1.,0.));
#2975=DIRECTION('center_axis',(0.,0.,1.));
#2976=DIRECTION('ref_axis',(-0.707106781186598,-0.707106781186497,0.));
#2977=DIRECTION('',(0.,0.,1.));
#2978=DIRECTION('center_axis',(0.,0.,-1.));
#2979=DIRECTION('ref_axis',(0.,-1.,0.));
#2980=DIRECTION('',(0.,0.,-1.));
#2981=DIRECTION('center_axis',(0.,0.707106781186543,0.707106781186552));
#2982=DIRECTION('ref_axis',(0.,0.707106781186552,-0.707106781186543));
#2983=DIRECTION('center_axis',(0.,0.,-1.));
#2984=DIRECTION('ref_axis',(-0.707106781186598,0.707106781186497,0.));
#2985=DIRECTION('',(0.,0.,1.));
#2986=DIRECTION('center_axis',(0.,0.,-1.));
#2987=DIRECTION('ref_axis',(-1.,0.,0.));
#2988=DIRECTION('',(0.,0.,-1.));
#2989=DIRECTION('center_axis',(0.,-0.707106781186543,0.707106781186552));
#2990=DIRECTION('ref_axis',(0.,0.707106781186552,0.707106781186543));
#2991=DIRECTION('center_axis',(0.,1.,0.));
#2992=DIRECTION('ref_axis',(-0.707106781186628,0.,0.707106781186468));
#2993=DIRECTION('',(0.,-1.,0.));
#2994=DIRECTION('',(0.,1.,0.));
#2995=DIRECTION('center_axis',(-1.,0.,0.));
#2996=DIRECTION('ref_axis',(0.,0.,1.));
#2997=DIRECTION('center_axis',(0.,-1.,0.));
#2998=DIRECTION('ref_axis',(-0.707106781186564,0.,0.707106781186531));
#2999=DIRECTION('center_axis',(0.,1.,0.));
#3000=DIRECTION('ref_axis',(-0.707106781186564,0.,0.707106781186531));
#3001=DIRECTION('center_axis',(-1.,0.,0.));
#3002=DIRECTION('ref_axis',(0.,0.707106781186577,0.707106781186518));
#3003=DIRECTION('center_axis',(-1.,0.,0.));
#3004=DIRECTION('ref_axis',(0.,0.,1.));
#3005=DIRECTION('',(-1.,0.,0.));
#3006=DIRECTION('center_axis',(0.,-1.,0.));
#3007=DIRECTION('ref_axis',(0.,0.,-1.));
#3008=DIRECTION('center_axis',(-2.22044604924981E-15,0.,1.));
#3009=DIRECTION('ref_axis',(1.,0.,2.22044604924981E-15));
#3010=DIRECTION('center_axis',(0.,-1.,0.));
#3011=DIRECTION('ref_axis',(0.707106781186547,0.,0.707106781186548));
#3012=DIRECTION('center_axis',(0.,1.,0.));
#3013=DIRECTION('ref_axis',(0.707106781186547,0.,0.707106781186548));
#3014=DIRECTION('center_axis',(0.,0.,-1.));
#3015=DIRECTION('ref_axis',(0.707106781186598,0.707106781186497,0.));
#3016=DIRECTION('',(0.,0.,1.));
#3017=DIRECTION('',(0.,0.,-1.));
#3018=DIRECTION('center_axis',(-1.,0.,0.));
#3019=DIRECTION('ref_axis',(0.,-1.,0.));
#3020=DIRECTION('center_axis',(0.,-1.,0.));
#3021=DIRECTION('ref_axis',(-0.707106781186564,0.,0.707106781186531));
#3022=DIRECTION('center_axis',(0.,1.,0.));
#3023=DIRECTION('ref_axis',(-0.707106781186564,0.,0.707106781186531));
#3024=DIRECTION('center_axis',(1.,0.,0.));
#3025=DIRECTION('ref_axis',(0.,-0.707106781186577,0.707106781186518));
#3026=DIRECTION('center_axis',(-1.,0.,0.));
#3027=DIRECTION('ref_axis',(0.,-1.,0.));
#3028=DIRECTION('',(1.,0.,0.));
#3029=DIRECTION('center_axis',(0.,1.,0.));
#3030=DIRECTION('ref_axis',(0.,0.,1.));
#3031=DIRECTION('center_axis',(-2.22044604924981E-15,0.,1.));
#3032=DIRECTION('ref_axis',(0.,-1.,0.));
#3033=DIRECTION('center_axis',(0.,-1.,0.));
#3034=DIRECTION('ref_axis',(0.707106781186547,0.,0.707106781186548));
#3035=DIRECTION('center_axis',(0.,1.,0.));
#3036=DIRECTION('ref_axis',(0.707106781186547,0.,0.707106781186548));
#3037=DIRECTION('center_axis',(0.,0.,1.));
#3038=DIRECTION('ref_axis',(0.707106781186598,-0.707106781186497,0.));
#3039=DIRECTION('',(0.,0.,1.));
#3040=DIRECTION('',(0.,0.,-1.));
#3041=DIRECTION('center_axis',(0.,-1.,0.));
#3042=DIRECTION('ref_axis',(-0.707106781186527,0.,0.707106781186568));
#3043=DIRECTION('center_axis',(0.,1.,0.));
#3044=DIRECTION('ref_axis',(-1.,0.,0.));
#3045=DIRECTION('',(0.,-1.,0.));
#3046=DIRECTION('center_axis',(0.,1.,0.));
#3047=DIRECTION('ref_axis',(0.707106781186553,0.,0.707106781186543));
#3048=DIRECTION('',(0.,1.,0.));
#3049=DIRECTION('center_axis',(-0.447213595499953,0.894427190999918,0.));
#3050=DIRECTION('ref_axis',(0.894427190999918,0.447213595499953,0.));
#3051=DIRECTION('center_axis',(1.,0.,0.));
#3052=DIRECTION('ref_axis',(0.,-1.,0.));
#3053=DIRECTION('',(0.,1.,0.));
#3054=DIRECTION('',(0.,1.,0.));
#3055=DIRECTION('',(0.,0.,1.));
#3056=DIRECTION('',(0.,-1.,0.));
#3057=DIRECTION('',(0.,0.,-1.));
#3058=DIRECTION('center_axis',(0.,1.,0.));
#3059=DIRECTION('ref_axis',(1.,0.,0.));
#3060=DIRECTION('',(1.,0.,0.));
#3061=DIRECTION('center_axis',(0.,1.,0.));
#3062=DIRECTION('ref_axis',(0.707106781186527,0.,0.707106781186568));
#3063=DIRECTION('center_axis',(0.,0.,-1.));
#3064=DIRECTION('ref_axis',(-1.,0.,0.));
#3065=DIRECTION('',(-1.,0.,0.));
#3066=DIRECTION('',(0.,-1.,0.));
#3067=DIRECTION('center_axis',(0.,1.,0.));
#3068=DIRECTION('ref_axis',(0.707106781186527,0.,0.707106781186568));
#3069=DIRECTION('center_axis',(0.,-1.,0.));
#3070=DIRECTION('ref_axis',(0.707106781186527,0.,0.707106781186568));
#3071=DIRECTION('center_axis',(0.,-1.,0.));
#3072=DIRECTION('ref_axis',(-0.707106781186527,0.,0.707106781186568));
#3073=DIRECTION('',(0.,-1.,0.));
#3074=DIRECTION('center_axis',(0.,1.,0.));
#3075=DIRECTION('ref_axis',(-1.,0.,0.));
#3076=DIRECTION('center_axis',(0.,0.,1.));
#3077=DIRECTION('ref_axis',(1.,0.,0.));
#3078=DIRECTION('center_axis',(1.,0.,0.));
#3079=DIRECTION('ref_axis',(0.,1.,0.));
#3080=DIRECTION('center_axis',(0.,0.,-1.));
#3081=DIRECTION('ref_axis',(0.707106781186565,-0.70710678118653,0.));
#3082=DIRECTION('center_axis',(-1.,0.,0.));
#3083=DIRECTION('ref_axis',(0.,0.707106781186552,0.707106781186543));
#3084=DIRECTION('center_axis',(1.,0.,0.));
#3085=DIRECTION('ref_axis',(0.,1.,0.));
#3086=DIRECTION('',(-1.,0.,0.));
#3087=DIRECTION('center_axis',(0.,0.,1.));
#3088=DIRECTION('ref_axis',(1.,0.,0.));
#3089=DIRECTION('center_axis',(0.,-1.,0.));
#3090=DIRECTION('ref_axis',(1.,0.,0.));
#3091=DIRECTION('center_axis',(0.,0.,-1.));
#3092=DIRECTION('ref_axis',(-0.707106781186565,-0.70710678118653,0.));
#3093=DIRECTION('center_axis',(0.,1.,0.));
#3094=DIRECTION('ref_axis',(0.707106781186527,0.,0.707106781186568));
#3095=DIRECTION('center_axis',(0.,-1.,0.));
#3096=DIRECTION('ref_axis',(1.,0.,0.));
#3097=DIRECTION('',(0.,1.,0.));
#3098=DIRECTION('center_axis',(0.,0.,1.));
#3099=DIRECTION('ref_axis',(1.,0.,0.));
#3100=DIRECTION('center_axis',(-1.,0.,0.));
#3101=DIRECTION('ref_axis',(0.,-1.,0.));
#3102=DIRECTION('center_axis',(0.,0.,-1.));
#3103=DIRECTION('ref_axis',(-0.707106781186565,0.70710678118653,0.));
#3104=DIRECTION('center_axis',(1.,0.,0.));
#3105=DIRECTION('ref_axis',(0.,-0.707106781186552,0.707106781186543));
#3106=DIRECTION('center_axis',(-1.,0.,0.));
#3107=DIRECTION('ref_axis',(0.,-1.,0.));
#3108=DIRECTION('',(1.,0.,0.));
#3109=DIRECTION('center_axis',(0.,0.,1.));
#3110=DIRECTION('ref_axis',(1.,0.,0.));
#3111=DIRECTION('center_axis',(0.,0.,-1.));
#3112=DIRECTION('ref_axis',(0.707106781186565,0.70710678118653,0.));
#3113=DIRECTION('center_axis',(0.,0.,-1.));
#3114=DIRECTION('ref_axis',(0.707106781186522,0.707106781186573,0.));
#3115=DIRECTION('',(0.,0.,-1.));
#3116=DIRECTION('center_axis',(0.,0.,1.));
#3117=DIRECTION('ref_axis',(0.,1.,0.));
#3118=DIRECTION('',(0.,0.,1.));
#3119=DIRECTION('center_axis',(0.,1.,0.));
#3120=DIRECTION('ref_axis',(1.,0.,0.));
#3121=DIRECTION('',(0.,0.,1.));
#3122=DIRECTION('',(-1.,0.,0.));
#3123=DIRECTION('center_axis',(0.,0.,-1.));
#3124=DIRECTION('ref_axis',(-0.707106781186522,0.707106781186573,0.));
#3125=DIRECTION('',(0.,0.,-1.));
#3126=DIRECTION('center_axis',(0.,0.,1.));
#3127=DIRECTION('ref_axis',(-1.,0.,0.));
#3128=DIRECTION('center_axis',(-1.,0.,0.));
#3129=DIRECTION('ref_axis',(0.,1.,0.));
#3130=DIRECTION('',(0.,0.,1.));
#3131=DIRECTION('',(0.,-1.,0.));
#3132=DIRECTION('center_axis',(0.,0.,-1.));
#3133=DIRECTION('ref_axis',(-0.707106781186522,-0.707106781186573,0.));
#3134=DIRECTION('',(0.,0.,-1.));
#3135=DIRECTION('center_axis',(0.,0.,1.));
#3136=DIRECTION('ref_axis',(0.,-1.,0.));
#3137=DIRECTION('center_axis',(0.,-1.,0.));
#3138=DIRECTION('ref_axis',(-1.,0.,0.));
#3139=DIRECTION('',(0.,0.,1.));
#3140=DIRECTION('',(1.,0.,0.));
#3141=DIRECTION('center_axis',(0.,0.,-1.));
#3142=DIRECTION('ref_axis',(0.707106781186522,-0.707106781186573,0.));
#3143=DIRECTION('',(0.,0.,-1.));
#3144=DIRECTION('center_axis',(0.,0.,1.));
#3145=DIRECTION('ref_axis',(1.,0.,0.));
#3146=DIRECTION('center_axis',(1.,0.,0.));
#3147=DIRECTION('ref_axis',(0.,-1.,0.));
#3148=DIRECTION('',(0.,1.,0.));
#3149=DIRECTION('center_axis',(-0.81649658092773,0.408248290463865,-0.408248290463854));
#3150=DIRECTION('ref_axis',(0.577350269189629,0.577350269189629,-0.57735026918962));
#3151=DIRECTION('center_axis',(0.,-1.,0.));
#3152=DIRECTION('ref_axis',(1.,0.,0.));
#3153=DIRECTION('center_axis',(-1.,0.,0.));
#3154=DIRECTION('ref_axis',(0.,0.,-1.));
#3155=DIRECTION('center_axis',(-0.816496580927758,-0.408248290463822,-0.408248290463839));
#3156=DIRECTION('ref_axis',(0.577350269189586,-0.577350269189642,-0.577350269189649));
#3157=DIRECTION('center_axis',(-1.,0.,0.));
#3158=DIRECTION('ref_axis',(0.,-1.,0.));
#3159=DIRECTION('center_axis',(0.,1.,0.));
#3160=DIRECTION('ref_axis',(0.,0.,-1.));
#3161=DIRECTION('center_axis',(0.,-1.,0.));
#3162=DIRECTION('ref_axis',(0.707106781186527,0.,-0.707106781186568));
#3163=DIRECTION('',(0.,-1.,0.));
#3164=DIRECTION('center_axis',(-0.816496580927749,-0.408248290463846,0.408248290463834));
#3165=DIRECTION('ref_axis',(-0.577350269189576,0.577350269189661,-0.57735026918964));
#3166=DIRECTION('center_axis',(1.,0.,0.));
#3167=DIRECTION('ref_axis',(0.,1.,0.));
#3168=DIRECTION('center_axis',(0.,-1.,0.));
#3169=DIRECTION('ref_axis',(0.,0.,-1.));
#3170=DIRECTION('center_axis',(-0.81649658092773,0.408248290463865,0.408248290463854));
#3171=DIRECTION('ref_axis',(-0.577350269189629,-0.577350269189629,-0.57735026918962));
#3172=DIRECTION('center_axis',(0.,1.,0.));
#3173=DIRECTION('ref_axis',(-1.,0.,0.));
#3174=DIRECTION('center_axis',(1.,0.,0.));
#3175=DIRECTION('ref_axis',(0.,0.,-1.));
#3176=DIRECTION('center_axis',(-1.,0.,0.));
#3177=DIRECTION('ref_axis',(0.,-0.707106781186552,-0.707106781186543));
#3178=DIRECTION('',(-1.,0.,0.));
#3179=DIRECTION('center_axis',(0.,1.,0.));
#3180=DIRECTION('ref_axis',(-0.707106781186527,0.,-0.707106781186568));
#3181=DIRECTION('',(0.,1.,0.));
#3182=DIRECTION('center_axis',(1.,0.,0.));
#3183=DIRECTION('ref_axis',(0.,0.707106781186552,-0.707106781186543));
#3184=DIRECTION('',(1.,0.,0.));
#3185=DIRECTION('center_axis',(0.,0.,-1.));
#3186=DIRECTION('ref_axis',(-1.,0.,0.));
#3187=DIRECTION('center_axis',(0.,-1.,0.));
#3188=DIRECTION('ref_axis',(-1.,0.,0.));
#3189=DIRECTION('center_axis',(0.,1.,0.));
#3190=DIRECTION('ref_axis',(0.707106781186553,0.,0.707106781186543));
#3191=DIRECTION('center_axis',(-0.447213595499945,-0.894427190999922,0.));
#3192=DIRECTION('ref_axis',(0.894427190999922,-0.447213595499945,0.));
#3193=DIRECTION('center_axis',(0.,0.,1.));
#3194=DIRECTION('ref_axis',(0.,-1.,0.));
#3195=DIRECTION('center_axis',(0.894427190999913,0.447213595499964,0.));
#3196=DIRECTION('ref_axis',(0.447213595499964,-0.894427190999913,0.));
#3197=DIRECTION('center_axis',(-5.5511151231257E-16,-5.55111512312578E-16,
1.));
#3198=DIRECTION('ref_axis',(1.,0.,5.5511151231257E-16));
#3199=DIRECTION('center_axis',(0.,0.,1.));
#3200=DIRECTION('ref_axis',(4.44089209850064E-15,1.,0.));
#3201=DIRECTION('center_axis',(0.447213595499963,0.894427190999914,0.));
#3202=DIRECTION('ref_axis',(-0.894427190999913,0.447213595499963,0.));
#3203=DIRECTION('center_axis',(0.,0.,1.));
#3204=DIRECTION('ref_axis',(-1.,0.,0.));
#3205=DIRECTION('center_axis',(-0.894427190999913,0.447213595499964,0.));
#3206=DIRECTION('ref_axis',(-0.447213595499964,-0.894427190999913,0.));
#3207=DIRECTION('center_axis',(0.447213595499956,-0.894427190999917,0.));
#3208=DIRECTION('ref_axis',(-0.894427190999917,-0.447213595499956,0.));
#3209=DIRECTION('center_axis',(1.,0.,0.));
#3210=DIRECTION('ref_axis',(0.,-0.707106781186546,0.707106781186549));
#3211=DIRECTION('',(1.,0.,0.));
#3212=DIRECTION('center_axis',(0.,-1.,0.));
#3213=DIRECTION('ref_axis',(-0.707106781186546,0.,0.707106781186549));
#3214=DIRECTION('',(0.,-1.,0.));
#3215=DIRECTION('center_axis',(0.,0.,-1.));
#3216=DIRECTION('ref_axis',(0.707106781186522,-0.707106781186573,0.));
#3217=DIRECTION('',(0.,0.,-1.));
#3218=DIRECTION('center_axis',(0.,0.,1.));
#3219=DIRECTION('ref_axis',(0.707106781186522,-0.707106781186573,0.));
#3220=DIRECTION('center_axis',(0.,-1.,0.));
#3221=DIRECTION('ref_axis',(-1.,0.,0.));
#3222=DIRECTION('',(0.,0.,1.));
#3223=DIRECTION('',(-1.,0.,0.));
#3224=DIRECTION('center_axis',(0.,0.,-1.));
#3225=DIRECTION('ref_axis',(-0.707106781186548,-0.707106781186548,0.));
#3226=DIRECTION('',(0.,0.,-1.));
#3227=DIRECTION('center_axis',(0.,0.,1.));
#3228=DIRECTION('ref_axis',(-0.707106781186548,-0.707106781186548,0.));
#3229=DIRECTION('center_axis',(-1.,0.,0.));
#3230=DIRECTION('ref_axis',(0.,0.,1.));
#3231=DIRECTION('center_axis',(0.,0.248011526247699,-0.968757081444201));
#3232=DIRECTION('ref_axis',(-1.,0.,0.));
#3233=DIRECTION('center_axis',(1.,0.,0.));
#3234=DIRECTION('ref_axis',(0.,-0.707106781186553,-0.707106781186542));
#3235=DIRECTION('center_axis',(-1.,0.,0.));
#3236=DIRECTION('ref_axis',(0.,-0.707106781186553,-0.707106781186542));
#3237=DIRECTION('center_axis',(0.,0.,-1.));
#3238=DIRECTION('ref_axis',(-1.,0.,0.));
#3239=DIRECTION('center_axis',(0.992281497717288,0.124005763123876,1.4685232363343E-15));
#3240=DIRECTION('ref_axis',(-0.124005763123876,0.992281497717288,0.));
#3241=DIRECTION('center_axis',(0.,0.,-1.));
#3242=DIRECTION('ref_axis',(0.789940354155668,-0.613183689343102,0.));
#3243=DIRECTION('center_axis',(-0.41596854423858,0.367220439273523,-0.831937088477126));
#3244=DIRECTION('ref_axis',(-0.623677041236876,0.550587202373807,0.554869967484456));
#3245=DIRECTION('center_axis',(0.,-3.72952979968956E-16,1.));
#3246=DIRECTION('ref_axis',(-0.12400576312383,0.992281497717294,3.70074341541724E-16));
#3247=DIRECTION('center_axis',(0.,1.,0.));
#3248=DIRECTION('ref_axis',(-0.707106781186531,0.,0.707106781186564));
#3249=DIRECTION('center_axis',(0.,0.,-1.));
#3250=DIRECTION('ref_axis',(-0.749668514452852,0.661813507294958,0.));
#3251=DIRECTION('center_axis',(0.,-1.86476489984476E-16,1.));
#3252=DIRECTION('ref_axis',(-0.124005763123875,0.992281497717289,1.85037170770859E-16));
#3253=DIRECTION('',(0.,0.,1.));
#3254=DIRECTION('',(0.,0.,-1.));
#3255=DIRECTION('center_axis',(-0.707106781186551,-2.61682076447294E-16,
-0.707106781186544));
#3256=DIRECTION('ref_axis',(0.707106781186544,2.61682076447292E-16,-0.707106781186551));
#3257=DIRECTION('center_axis',(1.,0.,0.));
#3258=DIRECTION('ref_axis',(0.,-0.707106781186553,-0.707106781186542));
#3259=DIRECTION('center_axis',(-0.707106781186551,-2.61682076447294E-16,
-0.707106781186544));
#3260=DIRECTION('ref_axis',(0.707106781186544,2.61682076447292E-16,-0.707106781186551));
#3261=DIRECTION('',(-1.,0.,0.));
#3262=DIRECTION('center_axis',(0.,0.,1.));
#3263=DIRECTION('ref_axis',(0.707106781186556,-0.707106781186539,0.));
#3264=DIRECTION('',(0.,0.,-1.));
#3265=DIRECTION('center_axis',(-1.,0.,0.));
#3266=DIRECTION('ref_axis',(0.,1.,0.));
#3267=DIRECTION('',(0.,0.,1.));
#3268=DIRECTION('',(0.,1.,0.));
#3269=DIRECTION('',(0.,0.,-1.));
#3270=DIRECTION('',(0.,-1.,0.));
#3271=DIRECTION('center_axis',(0.,-1.,0.));
#3272=DIRECTION('ref_axis',(-1.,0.,0.));
#3273=DIRECTION('',(0.,0.,-1.));
#3274=DIRECTION('center_axis',(0.,-1.,0.));
#3275=DIRECTION('ref_axis',(-0.707106781186544,0.,-0.707106781186551));
#3276=DIRECTION('',(-1.,0.,0.));
#3277=DIRECTION('center_axis',(0.,1.,0.));
#3278=DIRECTION('ref_axis',(0.707106781186548,0.,0.707106781186547));
#3279=DIRECTION('',(0.,1.,0.));
#3280=DIRECTION('center_axis',(0.,1.,0.));
#3281=DIRECTION('ref_axis',(0.707106781186548,0.,0.707106781186547));
#3282=DIRECTION('center_axis',(-0.707106781186548,0.707106781186548,0.));
#3283=DIRECTION('ref_axis',(-0.707106781186547,-0.707106781186547,0.));
#3284=DIRECTION('center_axis',(-1.,0.,0.));
#3285=DIRECTION('ref_axis',(0.,0.707106781186553,0.707106781186543));
#3286=DIRECTION('center_axis',(-1.,0.,0.));
#3287=DIRECTION('ref_axis',(0.,0.,1.));
#3288=DIRECTION('',(-1.,0.,0.));
#3289=DIRECTION('center_axis',(0.,0.,1.));
#3290=DIRECTION('ref_axis',(1.,0.,0.));
#3291=DIRECTION('center_axis',(0.,0.,-1.));
#3292=DIRECTION('ref_axis',(0.,-1.,0.));
#3293=DIRECTION('center_axis',(1.,0.,0.));
#3294=DIRECTION('ref_axis',(0.,1.,0.));
#3295=DIRECTION('',(0.,0.,1.));
#3296=DIRECTION('',(0.,-1.,0.));
#3297=DIRECTION('center_axis',(1.,0.,0.));
#3298=DIRECTION('ref_axis',(0.,0.707106781186547,-0.707106781186547));
#3299=DIRECTION('',(0.,0.,1.));
#3300=DIRECTION('center_axis',(0.,1.,0.));
#3301=DIRECTION('ref_axis',(1.,0.,0.));
#3302=DIRECTION('',(0.,0.,1.));
#3303=DIRECTION('',(-1.,0.,0.));
#3304=DIRECTION('',(0.,0.,1.));
#3305=DIRECTION('',(1.,0.,0.));
#3306=DIRECTION('',(0.,0.,-1.));
#3307=DIRECTION('',(-1.,0.,0.));
#3308=DIRECTION('',(0.,0.,1.));
#3309=DIRECTION('',(1.,0.,0.));
#3310=DIRECTION('center_axis',(0.,0.,-1.));
#3311=DIRECTION('ref_axis',(0.707106781186522,-0.707106781186573,0.));
#3312=DIRECTION('',(0.,0.,-1.));
#3313=DIRECTION('center_axis',(0.,-0.707106781186543,0.707106781186552));
#3314=DIRECTION('ref_axis',(4.90653893338683E-17,-0.707106781186552,-0.707106781186543));
#3315=DIRECTION('center_axis',(-1.,0.,0.));
#3316=DIRECTION('ref_axis',(0.,-1.,0.));
#3317=DIRECTION('',(0.,-1.,0.));
#3318=DIRECTION('',(0.,0.,1.));
#3319=DIRECTION('',(0.,1.,0.));
#3320=DIRECTION('center_axis',(0.,-1.,0.));
#3321=DIRECTION('ref_axis',(-0.707106781186527,0.,0.707106781186568));
#3322=DIRECTION('center_axis',(0.,1.,0.));
#3323=DIRECTION('ref_axis',(0.,0.,1.));
#3324=DIRECTION('center_axis',(-0.816496580927759,-0.408248290463822,-0.408248290463838));
#3325=DIRECTION('ref_axis',(-0.577350269189586,0.577350269189642,0.577350269189649));
#3326=DIRECTION('center_axis',(-1.,0.,0.));
#3327=DIRECTION('ref_axis',(0.,1.,0.));
#3328=DIRECTION('center_axis',(0.,0.,1.));
#3329=DIRECTION('ref_axis',(-1.,0.,0.));
#3330=DIRECTION('center_axis',(-1.,0.,0.));
#3331=DIRECTION('ref_axis',(0.,0.707106781186547,-0.707106781186547));
#3332=DIRECTION('',(1.,0.,0.));
#3333=DIRECTION('center_axis',(1.,0.,0.));
#3334=DIRECTION('ref_axis',(0.,0.,-1.));
#3335=DIRECTION('',(-1.,0.,0.));
#3336=DIRECTION('center_axis',(0.,0.,1.));
#3337=DIRECTION('ref_axis',(1.,0.,0.));
#3338=DIRECTION('center_axis',(0.,0.,-1.));
#3339=DIRECTION('ref_axis',(0.,-1.,0.));
#3340=DIRECTION('center_axis',(0.,0.,1.));
#3341=DIRECTION('ref_axis',(0.,-1.,0.));
#3342=DIRECTION('center_axis',(0.,-1.,0.));
#3343=DIRECTION('ref_axis',(1.,0.,0.));
#3344=DIRECTION('',(0.,0.,-1.));
#3345=DIRECTION('',(1.,0.,0.));
#3346=DIRECTION('center_axis',(0.,0.,1.));
#3347=DIRECTION('ref_axis',(0.707106781186548,-0.707106781186548,0.));
#3348=DIRECTION('',(0.,0.,1.));
#3349=DIRECTION('center_axis',(0.,0.,1.));
#3350=DIRECTION('ref_axis',(1.,0.,0.));
#3351=DIRECTION('center_axis',(1.,0.,0.));
#3352=DIRECTION('ref_axis',(0.,1.,0.));
#3353=DIRECTION('',(0.,-1.,0.));
#3354=DIRECTION('center_axis',(-0.816496580927724,-0.408248290463867,0.408248290463862));
#3355=DIRECTION('ref_axis',(0.577350269189628,-0.577350269189628,0.577350269189622));
#3356=DIRECTION('center_axis',(1.,0.,0.));
#3357=DIRECTION('ref_axis',(0.,-1.,0.));
#3358=DIRECTION('center_axis',(1.,0.,0.));
#3359=DIRECTION('ref_axis',(0.,-0.707106781186544,0.707106781186551));
#3360=DIRECTION('center_axis',(0.,-1.,0.));
#3361=DIRECTION('ref_axis',(-0.707106781186544,0.,-0.707106781186551));
#3362=DIRECTION('center_axis',(0.,0.,-1.));
#3363=DIRECTION('ref_axis',(1.,0.,0.));
#3364=DIRECTION('',(0.,-1.,0.));
#3365=DIRECTION('center_axis',(0.,0.,1.));
#3366=DIRECTION('ref_axis',(-0.707106781186547,0.707106781186547,0.));
#3367=DIRECTION('',(-1.,0.,0.));
#3368=DIRECTION('center_axis',(0.,0.,1.));
#3369=DIRECTION('ref_axis',(0.707106781186547,0.707106781186547,0.));
#3370=DIRECTION('',(0.,1.,0.));
#3371=DIRECTION('',(0.,-1.,0.));
#3372=DIRECTION('center_axis',(0.,0.,1.));
#3373=DIRECTION('ref_axis',(-0.707106781186547,0.707106781186547,0.));
#3374=DIRECTION('',(-1.,0.,0.));
#3375=DIRECTION('center_axis',(0.,0.,1.));
#3376=DIRECTION('ref_axis',(1.,0.,0.));
#3377=DIRECTION('center_axis',(0.,0.,1.));
#3378=DIRECTION('ref_axis',(-0.707106781186522,0.707106781186573,0.));
#3379=DIRECTION('center_axis',(0.,1.,0.));
#3380=DIRECTION('ref_axis',(1.,0.,0.));
#3381=DIRECTION('center_axis',(0.,0.,-1.));
#3382=DIRECTION('ref_axis',(0.,1.,0.));
#3383=DIRECTION('center_axis',(-1.,0.,0.));
#3384=DIRECTION('ref_axis',(0.,0.,-1.));
#3385=DIRECTION('center_axis',(0.,1.,0.));
#3386=DIRECTION('ref_axis',(0.707106781186527,0.,-0.707106781186568));
#3387=DIRECTION('',(0.,-1.,0.));
#3388=DIRECTION('center_axis',(0.,0.,1.));
#3389=DIRECTION('ref_axis',(-0.707106781186522,0.707106781186573,0.));
#3390=DIRECTION('',(0.,0.,-1.));
#3391=DIRECTION('center_axis',(-1.,0.,0.));
#3392=DIRECTION('ref_axis',(0.,0.707106781186552,0.707106781186543));
#3393=DIRECTION('',(-1.,0.,0.));
#3394=DIRECTION('center_axis',(1.,0.,0.));
#3395=DIRECTION('ref_axis',(0.,-0.707106781186552,-0.707106781186543));
#3396=DIRECTION('center_axis',(-1.,0.,0.));
#3397=DIRECTION('ref_axis',(0.,-0.707106781186552,-0.707106781186543));
#3398=DIRECTION('',(-1.,0.,0.));
#3399=DIRECTION('',(1.,0.,0.));
#3400=DIRECTION('center_axis',(0.,0.,1.));
#3401=DIRECTION('ref_axis',(1.,0.,0.));
#3402=DIRECTION('',(0.,1.,0.));
#3403=DIRECTION('center_axis',(0.,0.,1.));
#3404=DIRECTION('ref_axis',(0.707106781186551,-0.707106781186544,0.));
#3405=DIRECTION('',(1.,0.,0.));
#3406=DIRECTION('',(0.,1.,0.));
#3407=DIRECTION('center_axis',(0.,0.,1.));
#3408=DIRECTION('ref_axis',(0.707106781186551,-0.707106781186544,0.));
#3409=DIRECTION('center_axis',(-1.,0.,0.));
#3410=DIRECTION('ref_axis',(0.,-1.,0.));
#3411=DIRECTION('',(0.,0.,1.));
#3412=DIRECTION('',(0.,-1.,0.));
#3413=DIRECTION('center_axis',(0.,1.,0.));
#3414=DIRECTION('ref_axis',(-1.,0.,0.));
#3415=DIRECTION('center_axis',(0.,-1.,0.));
#3416=DIRECTION('ref_axis',(-0.707106781186527,0.,0.707106781186568));
#3417=DIRECTION('center_axis',(0.,-1.,0.));
#3418=DIRECTION('ref_axis',(-0.707106781186527,0.,0.707106781186568));
#3419=DIRECTION('center_axis',(-0.40824829046387,-0.816496580927723,0.408248290463862));
#3420=DIRECTION('ref_axis',(-0.577350269189627,0.577350269189627,0.577350269189624));
#3421=DIRECTION('center_axis',(-1.,0.,0.));
#3422=DIRECTION('ref_axis',(0.,1.,0.));
#3423=DIRECTION('center_axis',(0.,0.,1.));
#3424=DIRECTION('ref_axis',(-1.,0.,0.));
#3425=DIRECTION('center_axis',(0.,1.,0.));
#3426=DIRECTION('ref_axis',(0.,0.,1.));
#3427=DIRECTION('center_axis',(0.,0.,-1.));
#3428=DIRECTION('ref_axis',(-1.,0.,0.));
#3429=DIRECTION('center_axis',(0.,0.,-1.));
#3430=DIRECTION('ref_axis',(0.,1.,0.));
#3431=DIRECTION('center_axis',(-1.,0.,0.));
#3432=DIRECTION('ref_axis',(0.,0.,-1.));
#3433=DIRECTION('center_axis',(0.,1.,0.));
#3434=DIRECTION('ref_axis',(1.,0.,0.));
#3435=DIRECTION('center_axis',(1.,0.,0.));
#3436=DIRECTION('ref_axis',(0.,-0.707106781186547,-0.707106781186547));
#3437=DIRECTION('center_axis',(-0.707106781186548,0.,-0.707106781186548));
#3438=DIRECTION('ref_axis',(0.707106781186547,-7.85046229341888E-17,-0.707106781186547));
#3439=DIRECTION('',(1.,0.,0.));
#3440=DIRECTION('center_axis',(0.,1.,0.));
#3441=DIRECTION('ref_axis',(0.707106781186547,0.,-0.707106781186547));
#3442=DIRECTION('center_axis',(0.,0.707106781186548,-0.707106781186548));
#3443=DIRECTION('ref_axis',(7.85046229341888E-17,-0.707106781186547,-0.707106781186547));
#3444=DIRECTION('',(0.,1.,0.));
#3445=DIRECTION('center_axis',(0.,0.,1.));
#3446=DIRECTION('ref_axis',(-0.707106781186547,0.707106781186547,0.));
#3447=DIRECTION('',(0.,0.,-1.));
#3448=DIRECTION('',(0.,0.,1.));
#3449=DIRECTION('center_axis',(0.,-1.,0.));
#3450=DIRECTION('ref_axis',(-0.707106781186547,0.,0.707106781186547));
#3451=DIRECTION('center_axis',(0.,1.,0.));
#3452=DIRECTION('ref_axis',(-1.,0.,0.));
#3453=DIRECTION('',(0.,-1.,0.));
#3454=DIRECTION('center_axis',(0.,0.,1.));
#3455=DIRECTION('ref_axis',(1.,0.,0.));
#3456=DIRECTION('center_axis',(0.,0.,-1.));
#3457=DIRECTION('ref_axis',(0.707106781186551,-0.707106781186544,0.));
#3458=DIRECTION('center_axis',(-1.,0.,0.));
#3459=DIRECTION('ref_axis',(0.,0.707106781186547,0.707106781186547));
#3460=DIRECTION('center_axis',(-1.,0.,0.));
#3461=DIRECTION('ref_axis',(0.,0.,1.));
#3462=DIRECTION('',(-1.,0.,0.));
#3463=DIRECTION('center_axis',(0.,0.,1.));
#3464=DIRECTION('ref_axis',(1.,0.,0.));
#3465=DIRECTION('center_axis',(0.,0.,-1.));
#3466=DIRECTION('ref_axis',(0.707106781186551,-0.707106781186544,0.));
#3467=DIRECTION('center_axis',(0.,0.,-1.));
#3468=DIRECTION('ref_axis',(0.707106781186547,-0.707106781186547,0.));
#3469=DIRECTION('',(0.,0.,-1.));
#3470=DIRECTION('center_axis',(0.,1.,0.));
#3471=DIRECTION('ref_axis',(-1.,0.,0.));
#3472=DIRECTION('',(0.,0.,1.));
#3473=DIRECTION('center_axis',(0.,0.,1.));
#3474=DIRECTION('ref_axis',(0.707106781186547,-0.707106781186547,0.));
#3475=DIRECTION('center_axis',(0.,0.,1.));
#3476=DIRECTION('ref_axis',(1.,0.,0.));
#3477=DIRECTION('center_axis',(0.,1.,0.));
#3478=DIRECTION('ref_axis',(1.,0.,0.));
#3479=DIRECTION('center_axis',(0.,0.,-1.));
#3480=DIRECTION('ref_axis',(0.,1.,0.));
#3481=DIRECTION('center_axis',(-1.,0.,0.));
#3482=DIRECTION('ref_axis',(0.,0.,-1.));
#3483=DIRECTION('center_axis',(0.,1.,0.));
#3484=DIRECTION('ref_axis',(0.707106781186547,0.,-0.707106781186547));
#3485=DIRECTION('center_axis',(0.,0.707106781186548,-0.707106781186548));
#3486=DIRECTION('ref_axis',(7.85046229341888E-17,-0.707106781186547,-0.707106781186547));
#3487=DIRECTION('',(0.,1.,0.));
#3488=DIRECTION('center_axis',(0.,0.,1.));
#3489=DIRECTION('ref_axis',(1.,0.,0.));
#3490=DIRECTION('center_axis',(1.,0.,0.));
#3491=DIRECTION('ref_axis',(0.,-1.,0.));
#3492=DIRECTION('center_axis',(0.,0.,-1.));
#3493=DIRECTION('ref_axis',(1.,0.,0.));
#3494=DIRECTION('center_axis',(0.,1.,0.));
#3495=DIRECTION('ref_axis',(0.,0.,-1.));
#3496=DIRECTION('center_axis',(1.,0.,0.));
#3497=DIRECTION('ref_axis',(0.,-0.707106781186547,-0.707106781186547));
#3498=DIRECTION('',(1.,0.,0.));
#3499=DIRECTION('center_axis',(-0.408248290463859,-0.816496580927729,0.408248290463862));
#3500=DIRECTION('ref_axis',(-0.577350269189627,0.577350269189627,0.577350269189624));
#3501=DIRECTION('center_axis',(-1.,0.,0.));
#3502=DIRECTION('ref_axis',(0.,1.,0.));
#3503=DIRECTION('center_axis',(0.,0.,1.));
#3504=DIRECTION('ref_axis',(-1.,0.,0.));
#3505=DIRECTION('center_axis',(0.,1.,0.));
#3506=DIRECTION('ref_axis',(0.,0.,1.));
#3507=DIRECTION('center_axis',(0.,0.,1.));
#3508=DIRECTION('ref_axis',(-0.707106781186547,0.707106781186547,0.));
#3509=DIRECTION('',(0.,0.,-1.));
#3510=DIRECTION('',(0.,0.,1.));
#3511=DIRECTION('center_axis',(0.,-1.,0.));
#3512=DIRECTION('ref_axis',(-0.707106781186547,0.,0.707106781186547));
#3513=DIRECTION('center_axis',(0.,1.,0.));
#3514=DIRECTION('ref_axis',(-1.,0.,0.));
#3515=DIRECTION('',(0.,1.,0.));
#3516=DIRECTION('',(0.,-1.,0.));
#3517=DIRECTION('center_axis',(0.,0.,1.));
#3518=DIRECTION('ref_axis',(1.,0.,0.));
#3519=DIRECTION('center_axis',(0.,0.,1.));
#3520=DIRECTION('ref_axis',(0.707106781186551,-0.707106781186544,0.));
#3521=DIRECTION('center_axis',(0.,0.,-1.));
#3522=DIRECTION('ref_axis',(0.707106781186551,-0.707106781186544,0.));
#3523=DIRECTION('center_axis',(0.408248290463859,-0.816496580927729,0.408248290463862));
#3524=DIRECTION('ref_axis',(0.577350269189627,0.577350269189627,0.577350269189624));
#3525=DIRECTION('center_axis',(0.,1.,0.));
#3526=DIRECTION('ref_axis',(1.,0.,0.));
#3527=DIRECTION('center_axis',(0.,0.,1.));
#3528=DIRECTION('ref_axis',(0.,1.,0.));
#3529=DIRECTION('center_axis',(1.,0.,0.));
#3530=DIRECTION('ref_axis',(0.,0.,1.));
#3531=DIRECTION('center_axis',(0.,0.,1.));
#3532=DIRECTION('ref_axis',(0.707106781186547,0.707106781186547,0.));
#3533=DIRECTION('',(0.,0.,-1.));
#3534=DIRECTION('',(0.,0.,1.));
#3535=DIRECTION('center_axis',(-1.,0.,0.));
#3536=DIRECTION('ref_axis',(0.,0.707106781186547,0.707106781186547));
#3537=DIRECTION('',(1.,0.,0.));
#3538=DIRECTION('',(-1.,0.,0.));
#3539=DIRECTION('center_axis',(0.,1.,0.));
#3540=DIRECTION('ref_axis',(0.707106781186547,0.,0.707106781186547));
#3541=DIRECTION('center_axis',(0.,1.,0.));
#3542=DIRECTION('ref_axis',(0.,0.,1.));
#3543=DIRECTION('',(0.,1.,0.));
#3544=DIRECTION('',(0.,-1.,0.));
#3545=DIRECTION('center_axis',(0.,0.,1.));
#3546=DIRECTION('ref_axis',(1.,0.,0.));
#3547=DIRECTION('center_axis',(0.,0.,-1.));
#3548=DIRECTION('ref_axis',(-0.707106781186551,-0.707106781186544,0.));
#3549=DIRECTION('center_axis',(0.,0.,1.));
#3550=DIRECTION('ref_axis',(-0.707106781186551,-0.707106781186544,0.));
#3551=DIRECTION('center_axis',(0.,-1.,0.));
#3552=DIRECTION('ref_axis',(-0.707106781186547,0.,-0.707106781186547));
#3553=DIRECTION('center_axis',(0.,0.707106781186548,-0.707106781186548));
#3554=DIRECTION('ref_axis',(-7.85046229341888E-17,-0.707106781186547,-0.707106781186547));
#3555=DIRECTION('',(0.,-1.,0.));
#3556=DIRECTION('center_axis',(-1.,0.,0.));
#3557=DIRECTION('ref_axis',(0.,-1.,0.));
#3558=DIRECTION('',(0.,0.,-1.));
#3559=DIRECTION('center_axis',(0.,0.,-1.));
#3560=DIRECTION('ref_axis',(0.707106781186547,-0.707106781186547,0.));
#3561=DIRECTION('center_axis',(0.,1.,0.));
#3562=DIRECTION('ref_axis',(-1.,0.,0.));
#3563=DIRECTION('center_axis',(0.,0.,1.));
#3564=DIRECTION('ref_axis',(-0.707106781186547,-0.707106781186547,0.));
#3565=DIRECTION('',(0.,0.,1.));
#3566=DIRECTION('center_axis',(1.,0.,0.));
#3567=DIRECTION('ref_axis',(0.,1.,0.));
#3568=DIRECTION('center_axis',(0.,0.,1.));
#3569=DIRECTION('ref_axis',(1.,0.,0.));
#3570=DIRECTION('center_axis',(-1.,0.,0.));
#3571=DIRECTION('ref_axis',(0.,-1.,0.));
#3572=DIRECTION('center_axis',(0.,0.,-1.));
#3573=DIRECTION('ref_axis',(-1.,0.,0.));
#3574=DIRECTION('',(0.,1.,0.));
#3575=DIRECTION('center_axis',(0.,0.,1.));
#3576=DIRECTION('ref_axis',(-0.707106781186548,0.707106781186548,0.));
#3577=DIRECTION('',(1.,0.,0.));
#3578=DIRECTION('center_axis',(0.,0.,1.));
#3579=DIRECTION('ref_axis',(0.707106781186529,0.707106781186566,0.));
#3580=DIRECTION('center_axis',(0.,0.,1.));
#3581=DIRECTION('ref_axis',(-0.707106781186548,0.707106781186548,0.));
#3582=DIRECTION('',(0.,0.,-1.));
#3583=DIRECTION('',(0.,0.,1.));
#3584=DIRECTION('center_axis',(0.,1.,0.));
#3585=DIRECTION('ref_axis',(1.,0.,0.));
#3586=DIRECTION('',(0.,0.,1.));
#3587=DIRECTION('center_axis',(0.,0.,-1.));
#3588=DIRECTION('ref_axis',(0.707106781186529,0.707106781186566,0.));
#3589=DIRECTION('center_axis',(-1.,0.,0.));
#3590=DIRECTION('ref_axis',(0.,1.,0.));
#3591=CARTESIAN_POINT('',(0.,0.,0.));
#3592=CARTESIAN_POINT('Origin',(30.0403103738394,-39.3561728529632,5.5));
#3593=CARTESIAN_POINT('',(30.0403103738394,-38.8561728529632,5.5));
#3594=CARTESIAN_POINT('',(30.0403103738394,-39.3561728529632,6.));
#3595=CARTESIAN_POINT('Origin',(30.0403103738394,-39.3561728529632,5.5));
#3596=CARTESIAN_POINT('',(29.5403103738393,-39.3561728529632,5.5));
#3597=CARTESIAN_POINT('Origin',(30.0403103738394,-39.3561728529632,5.5));
#3598=CARTESIAN_POINT('Origin',(30.0403103738394,-39.3561728529632,5.5));
#3599=CARTESIAN_POINT('Origin',(30.0403103738393,-38.3561728529632,5.44948974278318));
#3600=CARTESIAN_POINT('',(29.5403103738394,-39.2494583454754,5.));
#3601=CARTESIAN_POINT('',(29.9870238971223,-38.4094593296803,4.94947352588236));
#3602=CARTESIAN_POINT('Ctrl Pts',(29.5403103738393,-39.2494583454754,5.));
#3603=CARTESIAN_POINT('Ctrl Pts',(29.5403103738393,-39.2348085447143,5.));
#3604=CARTESIAN_POINT('Ctrl Pts',(29.5408242462224,-39.2200992156959,5.00000019630691));
#3605=CARTESIAN_POINT('Ctrl Pts',(29.5462840640272,-39.1415245490388,4.9999959971001));
#3606=CARTESIAN_POINT('Ctrl Pts',(29.5611436213389,-39.0587840501976,5.00036879954936));
#3607=CARTESIAN_POINT('Ctrl Pts',(29.6532358468377,-38.8530189603153,4.99739696970709));
#3608=CARTESIAN_POINT('Ctrl Pts',(29.7211589926284,-38.763767749975,4.99262813606994));
#3609=CARTESIAN_POINT('Ctrl Pts',(29.8535912943711,-38.6037849239172,4.97677928728766));
#3610=CARTESIAN_POINT('Ctrl Pts',(29.9265307055543,-38.5290217017401,4.96276839489087));
#3611=CARTESIAN_POINT('Ctrl Pts',(29.9749514405567,-38.441139256419,4.95222242470202));
#3612=CARTESIAN_POINT('Ctrl Pts',(29.9820373523598,-38.4252250658248,4.95061617129419));
#3613=CARTESIAN_POINT('Ctrl Pts',(29.9870238971223,-38.4094593296803,4.94947352588235));
#3614=CARTESIAN_POINT('',(29.5403103738393,-39.3561728529632,5.44948974278318));
#3615=CARTESIAN_POINT('Origin',(29.5403103738393,-38.3561728529632,5.44948974278318));
#3616=CARTESIAN_POINT('',(30.0403103738393,-38.8561728529632,5.44948974278318));
#3617=CARTESIAN_POINT('Origin',(30.0403103738393,-39.3561728529632,5.44948974278318));
#3618=CARTESIAN_POINT('',(30.0403103738393,-38.4561728529632,4.95959179422654));
#3619=CARTESIAN_POINT('Origin',(30.0403103738393,-38.3561728529632,5.44948974278318));
#3620=CARTESIAN_POINT('Ctrl Pts',(30.0403103738393,-38.4561728529632,4.95959179422654));
#3621=CARTESIAN_POINT('Ctrl Pts',(30.0395246995442,-38.4554843225084,4.95945124853598));
#3622=CARTESIAN_POINT('Ctrl Pts',(30.0387390216505,-38.4547958629744,4.95931033931431));
#3623=CARTESIAN_POINT('Ctrl Pts',(30.0223708382952,-38.4404543591555,4.95636714147745));
#3624=CARTESIAN_POINT('Ctrl Pts',(30.0052673146104,-38.4255021097152,4.95314966033479));
#3625=CARTESIAN_POINT('Ctrl Pts',(29.9870238971223,-38.4094593296803,4.94947352588235));
#3626=CARTESIAN_POINT('Origin',(30.0403103738394,-39.3561728529632,5.));
#3627=CARTESIAN_POINT('',(30.0403103738394,-38.8561728529632,5.));
#3628=CARTESIAN_POINT('',(29.5403103738393,-39.3561728529632,5.));
#3629=CARTESIAN_POINT('Origin',(375.486677721453,-42.1104497055082,5.5));
#3630=CARTESIAN_POINT('',(375.486677721453,-42.6104497055082,5.5));
#3631=CARTESIAN_POINT('',(375.986677721453,-42.1104497055082,5.5));
#3632=CARTESIAN_POINT('Origin',(375.486677721453,-42.1104497055082,5.5));
#3633=CARTESIAN_POINT('',(375.486677721453,-42.1104497055082,6.));
#3634=CARTESIAN_POINT('Origin',(375.486677721453,-42.1104497055082,5.5));
#3635=CARTESIAN_POINT('Origin',(375.486677721453,-42.1104497055082,5.5));
#3636=CARTESIAN_POINT('Origin',(375.486677721453,-41.671880492372,5.5));
#3637=CARTESIAN_POINT('',(375.986677721453,-39.3561728529632,5.5));
#3638=CARTESIAN_POINT('',(375.486677721453,-39.3561728529632,6.));
#3639=CARTESIAN_POINT('Origin',(375.486677721453,-39.3561728529632,5.5));
#3640=CARTESIAN_POINT('',(375.486677721453,-41.671880492372,6.));
#3641=CARTESIAN_POINT('',(375.986677721453,-69.1534289100856,5.5));
#3642=CARTESIAN_POINT('Origin',(30.0403103738393,-42.1104497055082,5.5));
#3643=CARTESIAN_POINT('',(29.5403103738393,-42.1104497055082,5.5));
#3644=CARTESIAN_POINT('',(30.0403103738393,-42.6104497055082,5.5));
#3645=CARTESIAN_POINT('Origin',(30.0403103738393,-42.1104497055082,5.5));
#3646=CARTESIAN_POINT('',(30.0403103738394,-42.1104497055082,6.));
#3647=CARTESIAN_POINT('Origin',(30.0403103738394,-42.1104497055082,5.5));
#3648=CARTESIAN_POINT('Origin',(30.0403103738394,-42.1104497055082,5.5));
#3649=CARTESIAN_POINT('Origin',(116.151902210743,-42.1104497055082,5.5));
#3650=CARTESIAN_POINT('',(116.151902210743,-42.1104497055082,6.));
#3651=CARTESIAN_POINT('',(52.8304429371061,-42.6104497055082,5.5));
#3652=CARTESIAN_POINT('',(116.565302325342,-42.6104497055082,5.5));
#3653=CARTESIAN_POINT('',(116.151902210743,-42.6104497055082,5.5));
#3654=CARTESIAN_POINT('Origin',(30.0403103738394,-39.7947420660995,5.5));
#3655=CARTESIAN_POINT('',(30.0403103738394,-39.7947420660995,6.));
#3656=CARTESIAN_POINT('',(29.5403103738393,-39.7947420660995,5.5));
#3657=CARTESIAN_POINT('Origin',(289.37508588455,-39.3561728529632,5.5));
#3658=CARTESIAN_POINT('',(375.486677721453,-38.8561728529632,5.5));
#3659=CARTESIAN_POINT('Origin',(375.486677721453,-39.3561728529632,5.5));
#3660=CARTESIAN_POINT('',(289.37508588455,-38.8561728529632,5.5));
#3661=CARTESIAN_POINT('',(289.37508588455,-39.3561728529632,6.));
#3662=CARTESIAN_POINT('Origin',(30.0403103738393,-43.1104497055082,5.5));
#3663=CARTESIAN_POINT('',(30.0403103738393,-43.1104497055082,5.));
#3664=CARTESIAN_POINT('',(29.5403103738394,-42.2444243017237,5.));
#3665=CARTESIAN_POINT('Ctrl Pts',(30.0403103738393,-43.1104497055082,5.));
#3666=CARTESIAN_POINT('Ctrl Pts',(29.9017612627989,-42.9719005944677,5.));
#3667=CARTESIAN_POINT('Ctrl Pts',(29.738354015745,-42.8028380694062,5.));
#3668=CARTESIAN_POINT('Ctrl Pts',(29.5850963737882,-42.5180844689327,5.));
#3669=CARTESIAN_POINT('Ctrl Pts',(29.5403103738393,-42.3718630126615,5.));
#3670=CARTESIAN_POINT('Ctrl Pts',(29.5403103738393,-42.2444243017237,5.));
#3671=CARTESIAN_POINT('Origin',(30.0403103738393,-43.1104497055082,5.5));
#3672=CARTESIAN_POINT('Origin',(29.5403103738393,-43.1104497055082,5.5));
#3673=CARTESIAN_POINT('Ctrl Pts',(376.486677721453,-42.759759890704,5.));
#3674=CARTESIAN_POINT('Ctrl Pts',(376.446996354577,-42.759759890704,4.99999999999999));
#3675=CARTESIAN_POINT('Ctrl Pts',(376.333992891837,-42.6733558075146,5.01519680048911));
#3676=CARTESIAN_POINT('Ctrl Pts',(376.18725298484,-42.4355171458171,5.08447990882727));
#3677=CARTESIAN_POINT('Ctrl Pts',(376.066901863639,-42.2325623326623,5.21122162461042));
#3678=CARTESIAN_POINT('Ctrl Pts',(376.004961902992,-42.1292384620568,5.35025572285869));
#3679=CARTESIAN_POINT('Ctrl Pts',(375.990207377257,-42.1104497055082,5.42864122840776));
#3680=CARTESIAN_POINT('Ctrl Pts',(375.987687067128,-42.1104497055082,5.46824583655185));
#3681=CARTESIAN_POINT('Ctrl Pts',(376.486677721453,-42.7896188571083,5.));
#3682=CARTESIAN_POINT('Ctrl Pts',(376.440668462422,-42.7896188571084,4.99999999999999));
#3683=CARTESIAN_POINT('Ctrl Pts',(376.309764093025,-42.7111527905171,5.02000214080016));
#3684=CARTESIAN_POINT('Ctrl Pts',(376.147057106873,-42.4978657348325,5.10979787528863));
#3685=CARTESIAN_POINT('Ctrl Pts',(376.038049606375,-42.3292198440921,5.25510057287603));
#3686=CARTESIAN_POINT('Ctrl Pts',(375.997707317485,-42.2530047154954,5.38016778259158));
#3687=CARTESIAN_POINT('Ctrl Pts',(375.989530070181,-42.2409260791637,5.43906935063905));
#3688=CARTESIAN_POINT('Ctrl Pts',(375.987687067128,-42.2413493994078,5.46824583655185));
#3689=CARTESIAN_POINT('Ctrl Pts',(376.486677721453,-42.8493361210952,4.99463547824314));
#3690=CARTESIAN_POINT('Ctrl Pts',(376.427586447304,-42.8493361210952,4.99463547824313));
#3691=CARTESIAN_POINT('Ctrl Pts',(376.26004015951,-42.786993060677,5.01947137667985));
#3692=CARTESIAN_POINT('Ctrl Pts',(376.053181740376,-42.6231464922591,5.12991660305787));
#3693=CARTESIAN_POINT('Ctrl Pts',(375.924092387679,-42.5227981835086,5.29660757157537));
#3694=CARTESIAN_POINT('Ctrl Pts',(375.886881078231,-42.4996593639839,5.40724521181856));
#3695=CARTESIAN_POINT('Ctrl Pts',(375.881212085754,-42.500684025033,5.44402673060714));
#3696=CARTESIAN_POINT('Ctrl Pts',(375.879372361364,-42.501915903497,5.46135303637443));
#3697=CARTESIAN_POINT('Ctrl Pts',(376.486677721453,-42.9071421247009,4.97871707195045));
#3698=CARTESIAN_POINT('Ctrl Pts',(376.414072238536,-42.9071421247009,4.97871707195044));
#3699=CARTESIAN_POINT('Ctrl Pts',(376.207469530026,-42.858000094296,4.99862351821868));
#3700=CARTESIAN_POINT('Ctrl Pts',(375.942748370397,-42.7285577927612,5.0879563755002));
#3701=CARTESIAN_POINT('Ctrl Pts',(375.739348094059,-42.6417381566078,5.23244230570612));
#3702=CARTESIAN_POINT('Ctrl Pts',(375.644738789905,-42.6125100592473,5.35689178018312));
#3703=CARTESIAN_POINT('Ctrl Pts',(375.6232889829,-42.6097763404322,5.41564428767063));
#3704=CARTESIAN_POINT('Ctrl Pts',(375.619331860623,-42.6104497055082,5.44480489365451));
#3705=CARTESIAN_POINT('Ctrl Pts',(376.486677721453,-42.9351047981061,4.96824583655185));
#3706=CARTESIAN_POINT('Ctrl Pts',(376.407314987702,-42.9351047981061,4.96824583655185));
#3707=CARTESIAN_POINT('Ctrl Pts',(376.181308062221,-42.8919027565114,4.98344263704093));
#3708=CARTESIAN_POINT('Ctrl Pts',(375.887828248228,-42.7729834256625,5.05272574537927));
#3709=CARTESIAN_POINT('Ctrl Pts',(375.647126005825,-42.6715060190852,5.17946746116234));
#3710=CARTESIAN_POINT('Ctrl Pts',(375.523246084531,-42.6198440837825,5.31850155941054));
#3711=CARTESIAN_POINT('Ctrl Pts',(375.493737033061,-42.6104497055082,5.39688706495962));
#3712=CARTESIAN_POINT('Ctrl Pts',(375.488696412803,-42.6104497055082,5.43649167310371));
#3713=CARTESIAN_POINT('',(376.135987906649,-42.8665746979508,5.));
#3714=CARTESIAN_POINT('',(376.486677721453,-42.759759890704,5.));
#3715=CARTESIAN_POINT('Ctrl Pts',(376.486677721453,-42.759759890704,5.));
#3716=CARTESIAN_POINT('Ctrl Pts',(376.486401319691,-42.760036292466,5.));
#3717=CARTESIAN_POINT('Ctrl Pts',(376.486124309629,-42.760312078438,5.));
#3718=CARTESIAN_POINT('Ctrl Pts',(376.471353549988,-42.7749525591241,5.));
#3719=CARTESIAN_POINT('Ctrl Pts',(376.455445578619,-42.787377812809,5.00000000000001));
#3720=CARTESIAN_POINT('Ctrl Pts',(376.418827166634,-42.8105005753331,5.00000000000001));
#3721=CARTESIAN_POINT('Ctrl Pts',(376.398006586085,-42.8205971472103,5.));
#3722=CARTESIAN_POINT('Ctrl Pts',(376.302219886899,-42.8576566810134,5.));
#3723=CARTESIAN_POINT('Ctrl Pts',(376.2157972315,-42.8665746979508,5.));
#3724=CARTESIAN_POINT('Ctrl Pts',(376.135987906649,-42.8665746979508,5.));
#3725=CARTESIAN_POINT('',(375.987687067128,-42.1104497055082,5.46824583655185));
#3726=CARTESIAN_POINT('Ctrl Pts',(376.486677721453,-42.759759890704,5.));
#3727=CARTESIAN_POINT('Ctrl Pts',(376.446996354577,-42.759759890704,4.99999999999999));
#3728=CARTESIAN_POINT('Ctrl Pts',(376.333992891837,-42.6733558075146,5.01519680048911));
#3729=CARTESIAN_POINT('Ctrl Pts',(376.18725298484,-42.4355171458171,5.08447990882727));
#3730=CARTESIAN_POINT('Ctrl Pts',(376.066901863639,-42.2325623326623,5.21122162461042));
#3731=CARTESIAN_POINT('Ctrl Pts',(376.004961902992,-42.1292384620568,5.35025572285869));
#3732=CARTESIAN_POINT('Ctrl Pts',(375.990207377257,-42.1104497055082,5.42864122840776));
#3733=CARTESIAN_POINT('Ctrl Pts',(375.987687067128,-42.1104497055082,5.46824583655185));
#3734=CARTESIAN_POINT('',(375.488696412803,-42.6104497055082,5.43649167310371));
#3735=CARTESIAN_POINT('Origin',(375.488696412803,-42.1104497055082,5.43649167310371));
#3736=CARTESIAN_POINT('Ctrl Pts',(375.488696412803,-42.6104497055082,5.43649167310371));
#3737=CARTESIAN_POINT('Ctrl Pts',(375.493737033061,-42.6104497055082,5.39688706495962));
#3738=CARTESIAN_POINT('Ctrl Pts',(375.523246084531,-42.6198440837825,5.31850155941054));
#3739=CARTESIAN_POINT('Ctrl Pts',(375.647126005825,-42.6715060190852,5.17946746116234));
#3740=CARTESIAN_POINT('Ctrl Pts',(375.857353346397,-42.7601355436792,5.0687722986138));
#3741=CARTESIAN_POINT('Ctrl Pts',(376.049355646751,-42.8383560267799,5.01599419445761));
#3742=CARTESIAN_POINT('Ctrl Pts',(376.135951499108,-42.8666341947789,5.00000830970784));
#3743=CARTESIAN_POINT('Origin',(376.486677721453,-42.1104497055082,5.5));
#3744=CARTESIAN_POINT('Origin',(376.486677721453,-42.6104497055082,5.5));
#3745=CARTESIAN_POINT('Origin',(376.486677721453,-42.1104497055082,5.5));
#3746=CARTESIAN_POINT('Origin',(375.486677721453,-39.3561728529632,5.5));
#3747=CARTESIAN_POINT('',(375.919690423345,-39.1061728529632,5.5));
#3748=CARTESIAN_POINT('Origin',(375.486677721453,-39.3561728529632,5.5));
#3749=CARTESIAN_POINT('',(375.919550784863,-39.1059311478571,5.5));
#3750=CARTESIAN_POINT('Ctrl Pts',(375.91955078393,-39.1059311499204,5.49999995162001));
#3751=CARTESIAN_POINT('Ctrl Pts',(375.91959735323,-39.1060117039708,5.49999998386697));
#3752=CARTESIAN_POINT('Ctrl Pts',(375.919643899705,-39.1060922716549,5.5));
#3753=CARTESIAN_POINT('Ctrl Pts',(375.919690423345,-39.1061728529632,5.5));
#3754=CARTESIAN_POINT('Origin',(375.486677721453,-39.3561728529632,5.5));
#3755=CARTESIAN_POINT('Origin',(115.565302325342,-38.8561728529632,3.));
#3756=CARTESIAN_POINT('',(29.5403103738394,-38.8561728529632,5.));
#3757=CARTESIAN_POINT('Origin',(29.5403103738394,-38.8561728529632,3.));
#3758=CARTESIAN_POINT('',(375.486677721453,-38.4561728529632,4.95959179422654));
#3759=CARTESIAN_POINT('',(115.565302325342,-38.4561728529632,4.95959179422654));
#3760=CARTESIAN_POINT('',(376.352703125237,-38.8561728529632,5.));
#3761=CARTESIAN_POINT('Ctrl Pts',(376.352703125237,-38.8561728529632,5.00000000000002));
#3762=CARTESIAN_POINT('Ctrl Pts',(376.265315628587,-38.7350851856471,5.00000000000002));
#3763=CARTESIAN_POINT('Ctrl Pts',(376.009973470964,-38.5313644469483,4.97723187819432));
#3764=CARTESIAN_POINT('Ctrl Pts',(375.661452714754,-38.4561728529632,4.95959179422658));
#3765=CARTESIAN_POINT('Ctrl Pts',(375.486677721453,-38.4561728529632,4.95959179422654));
#3766=CARTESIAN_POINT('',(377.640278179851,-38.8561728529632,5.));
#3767=CARTESIAN_POINT('',(115.565302325342,-38.8561728529632,5.));
#3768=CARTESIAN_POINT('',(378.640278179851,-36.8561728529632,3.));
#3769=CARTESIAN_POINT('Origin',(377.640278179851,-38.8561728529632,3.));
#3770=CARTESIAN_POINT('',(28.5403103738394,-36.8561728529632,3.));
#3771=CARTESIAN_POINT('',(115.565302325342,-36.8561728529632,3.));
#3772=CARTESIAN_POINT('Origin',(29.5403103738394,-38.8561728529632,3.));
#3773=CARTESIAN_POINT('Origin',(115.565302325342,-38.3561728529632,5.44948974278318));
#3774=CARTESIAN_POINT('',(375.486677721453,-38.8561728529632,5.44948974278318));
#3775=CARTESIAN_POINT('',(115.565302325342,-38.8561728529632,5.44948974278318));
#3776=CARTESIAN_POINT('Origin',(375.486677721453,-38.3561728529632,5.44948974278318));
#3777=CARTESIAN_POINT('Origin',(375.986677721453,-38.8561728529632,5.));
#3778=CARTESIAN_POINT('',(375.486677721453,-38.8561728529632,5.));
#3779=CARTESIAN_POINT('Origin',(375.486677721453,-39.3561728529632,5.));
#3780=CARTESIAN_POINT('Ctrl Pts',(375.486677721453,-38.8561728529632,5.44948974278318));
#3781=CARTESIAN_POINT('Ctrl Pts',(375.574065218104,-38.8561728529632,5.44948974278318));
#3782=CARTESIAN_POINT('Ctrl Pts',(375.748232822901,-38.9031425799879,5.4715281086362));
#3783=CARTESIAN_POINT('Ctrl Pts',(375.875860721926,-39.0303575117712,5.49996969839975));
#3784=CARTESIAN_POINT('Ctrl Pts',(375.91955078393,-39.1059311499204,5.49999995162001));
#3785=CARTESIAN_POINT('Origin',(376.486677721453,-69.1534289100856,5.5));
#3786=CARTESIAN_POINT('',(376.486677721453,-39.3561728529632,5.));
#3787=CARTESIAN_POINT('',(376.486677721453,-69.1534289100856,5.));
#3788=CARTESIAN_POINT('Origin',(376.486677721453,-39.3561728529632,5.5));
#3789=CARTESIAN_POINT('Origin',(202.763494047646,-40.7333112792357,6.));
#3790=CARTESIAN_POINT('Origin',(375.486677721453,-39.3561728529632,5.5));
#3791=CARTESIAN_POINT('Origin',(376.352703125237,-38.8561728529632,5.5));
#3792=CARTESIAN_POINT('Origin',(375.486677721453,-39.3561728529632,5.));
#3793=CARTESIAN_POINT('Ctrl Pts',(375.919690423345,-39.1061728529632,5.5));
#3794=CARTESIAN_POINT('Ctrl Pts',(375.87599667502,-39.0304930608907,5.5));
#3795=CARTESIAN_POINT('Ctrl Pts',(375.748325596209,-38.9031675992039,5.47153984774288));
#3796=CARTESIAN_POINT('Ctrl Pts',(375.574065218104,-38.8561728529632,5.44948974278318));
#3797=CARTESIAN_POINT('Ctrl Pts',(375.486677721453,-38.8561728529632,5.44948974278318));
#3798=CARTESIAN_POINT('Ctrl Pts',(375.919690423345,-39.1061728529632,5.36910030610044));
#3799=CARTESIAN_POINT('Ctrl Pts',(375.879597835702,-39.0365659627295,5.37164773793316));
#3800=CARTESIAN_POINT('Ctrl Pts',(375.759938454515,-38.9091570989705,5.35281839618973));
#3801=CARTESIAN_POINT('Ctrl Pts',(375.578035330285,-38.8561728529632,5.33536987561614));
#3802=CARTESIAN_POINT('Ctrl Pts',(375.486677721453,-38.8561728529632,5.33536987561613));
#3803=CARTESIAN_POINT('Ctrl Pts',(376.013683291063,-39.0519060454844,5.10853361495767));
#3804=CARTESIAN_POINT('Ctrl Pts',(375.966895038856,-38.9797202688623,5.11594674120802));
#3805=CARTESIAN_POINT('Ctrl Pts',(375.826235114367,-38.8382589057241,5.11594676946819));
#3806=CARTESIAN_POINT('Ctrl Pts',(375.600522786067,-38.7747375631836,5.10773308799127));
#3807=CARTESIAN_POINT('Ctrl Pts',(375.486677721453,-38.7747375631836,5.10773308799126));
#3808=CARTESIAN_POINT('Ctrl Pts',(376.239340664973,-38.921622699913,5.00000000000004));
#3809=CARTESIAN_POINT('Ctrl Pts',(376.165619398054,-38.8191744482738,5.00405213701353));
#3810=CARTESIAN_POINT('Ctrl Pts',(375.94867743334,-38.6390455582995,4.99432972091161));
#3811=CARTESIAN_POINT('Ctrl Pts',(375.641075310824,-38.5679870305926,4.98241576765998));
#3812=CARTESIAN_POINT('Ctrl Pts',(375.486677721453,-38.5679870305926,4.98241576765995));
#3813=CARTESIAN_POINT('Ctrl Pts',(376.352703125237,-38.8561728529632,5.00000000000002));
#3814=CARTESIAN_POINT('Ctrl Pts',(376.265315628587,-38.7350851856471,5.00000000000002));
#3815=CARTESIAN_POINT('Ctrl Pts',(376.009973470964,-38.5313644469483,4.97723187819432));
#3816=CARTESIAN_POINT('Ctrl Pts',(375.661452714754,-38.4561728529632,4.95959179422658));
#3817=CARTESIAN_POINT('Ctrl Pts',(375.486677721453,-38.4561728529632,4.95959179422654));
#3818=CARTESIAN_POINT('Origin',(289.038485999149,-43.1104497055082,5.43649167310371));
#3819=CARTESIAN_POINT('',(53.2238098264799,-42.6104497055082,5.43649167310371));
#3820=CARTESIAN_POINT('',(289.038485999149,-42.6104497055082,5.43649167310371));
#3821=CARTESIAN_POINT('',(53.1358047496365,-42.9854497055082,4.95236875482778));
#3822=CARTESIAN_POINT('Ctrl Pts',(53.2238098264799,-42.6104497055082,5.43649167310371));
#3823=CARTESIAN_POINT('Ctrl Pts',(53.2235846072296,-42.6104497055082,5.4350966781441));
#3824=CARTESIAN_POINT('Ctrl Pts',(53.2233592003668,-42.610455543541,5.43370171919851));
#3825=CARTESIAN_POINT('Ctrl Pts',(53.2124763202528,-42.6110187762219,5.36640966874748));
#3826=CARTESIAN_POINT('Ctrl Pts',(53.2014903643851,-42.6245931736789,5.30126946884717));
#3827=CARTESIAN_POINT('Ctrl Pts',(53.1801363626843,-42.6761760699673,5.18010120732388));
#3828=CARTESIAN_POINT('Ctrl Pts',(53.1699525988878,-42.7136998562829,5.12512031815594));
#3829=CARTESIAN_POINT('Ctrl Pts',(53.1523349133443,-42.8075278859399,5.03339795354317));
#3830=CARTESIAN_POINT('Ctrl Pts',(53.1450424433988,-42.8627205335003,4.99725846995577));
#3831=CARTESIAN_POINT('Ctrl Pts',(53.1383435958709,-42.9437228065581,4.96460482166907));
#3832=CARTESIAN_POINT('Ctrl Pts',(53.1369343054395,-42.9644149545862,4.95779990416195));
#3833=CARTESIAN_POINT('Ctrl Pts',(53.1358047496365,-42.9854497055082,4.95236875482778));
#3834=CARTESIAN_POINT('',(375.611677721453,-42.9854497055082,4.95236875482779));
#3835=CARTESIAN_POINT('',(289.038485999149,-42.9854497055082,4.95236875482778));
#3836=CARTESIAN_POINT('',(375.986677721453,-42.8665746979508,5.));
#3837=CARTESIAN_POINT('Ctrl Pts',(375.986677721453,-42.8665746979508,5.));
#3838=CARTESIAN_POINT('Ctrl Pts',(375.916947622427,-42.8665746979508,5.));
#3839=CARTESIAN_POINT('Ctrl Pts',(375.841705768375,-42.8753593988018,4.99459910113394));
#3840=CARTESIAN_POINT('Ctrl Pts',(375.7383821389,-42.9067578297742,4.97971620854824));
#3841=CARTESIAN_POINT('Ctrl Pts',(375.705592782765,-42.9202144102936,4.97374875955989));
#3842=CARTESIAN_POINT('Ctrl Pts',(375.652253511148,-42.9507941532337,4.96243864865049));
#3843=CARTESIAN_POINT('Ctrl Pts',(375.630602010037,-42.9665254169244,4.95725498512937));
#3844=CARTESIAN_POINT('Ctrl Pts',(375.611677721453,-42.9854497055082,4.95236875482779));
#3845=CARTESIAN_POINT('',(289.038485999149,-42.8665746979508,5.));
#3846=CARTESIAN_POINT('Origin',(116.565302325342,-43.1104497055082,5.5));
#3847=CARTESIAN_POINT('',(52.8304429371061,-43.1104497055082,5.));
#3848=CARTESIAN_POINT('',(116.565302325342,-43.1104497055082,5.));
#3849=CARTESIAN_POINT('Origin',(52.8304429371061,-43.1104497055082,5.5));
#3850=CARTESIAN_POINT('Origin',(52.8304429371061,-43.1104497055082,4.25));
#3851=CARTESIAN_POINT('Origin',(52.8304429371061,-42.6104497055082,4.25));
#3852=CARTESIAN_POINT('',(53.1787536368483,-43.1104497055031,4.91421356237666));
#3853=CARTESIAN_POINT('Origin',(52.8304429371061,-43.1104497055082,4.25));
#3854=CARTESIAN_POINT('Ctrl Pts',(53.1358047496365,-42.9854497055082,4.95236875482778));
#3855=CARTESIAN_POINT('Ctrl Pts',(53.1352545381613,-42.9956958228807,4.94972321869799));
#3856=CARTESIAN_POINT('Ctrl Pts',(53.1358392673569,-43.0059373550004,4.94696369997541));
#3857=CARTESIAN_POINT('Ctrl Pts',(53.1409481920719,-43.0376813799483,4.93804357729295));
#3858=CARTESIAN_POINT('Ctrl Pts',(53.1488675822965,-43.0581275734938,4.93177612965595));
#3859=CARTESIAN_POINT('Ctrl Pts',(53.1638726538919,-43.0869483648117,4.92234190534589));
#3860=CARTESIAN_POINT('Ctrl Pts',(53.170365130904,-43.0980077487635,4.91861245836571));
#3861=CARTESIAN_POINT('Ctrl Pts',(53.1787536368505,-43.1104497055013,4.91421356237553));
#3862=CARTESIAN_POINT('Origin',(375.986677721453,-122.496012545422,3.5));
#3863=CARTESIAN_POINT('',(374.486677721453,-44.1104497055082,3.5));
#3864=CARTESIAN_POINT('Origin',(375.986677721453,-42.6104497055082,3.5));
#3865=CARTESIAN_POINT('',(374.486677721453,-112.001514514075,3.5));
#3866=CARTESIAN_POINT('',(374.486677721453,-122.496012545422,3.5));
#3867=CARTESIAN_POINT('',(375.986677721453,-112.001514514075,5.));
#3868=CARTESIAN_POINT('Origin',(375.986677721453,-112.001514514075,3.5));
#3869=CARTESIAN_POINT('',(375.986677721453,-122.496012545422,5.));
#3870=CARTESIAN_POINT('Origin',(289.038485999149,-42.6104497055082,3.5));
#3871=CARTESIAN_POINT('',(53.5804429371061,-43.9094878111848,4.25));
#3872=CARTESIAN_POINT('Ctrl Pts',(53.5804429371061,-43.9094878111849,4.25));
#3873=CARTESIAN_POINT('Ctrl Pts',(53.5804429371061,-43.852811969762,4.34816543690618));
#3874=CARTESIAN_POINT('Ctrl Pts',(53.5603142914891,-43.7808898401056,4.44536753160039));
#3875=CARTESIAN_POINT('Ctrl Pts',(53.491891345384,-43.6203962002757,4.61519407788547));
#3876=CARTESIAN_POINT('Ctrl Pts',(53.443932288972,-43.5318729426791,4.68799898300148));
#3877=CARTESIAN_POINT('Ctrl Pts',(53.3331499040097,-43.3441850832589,4.81419197813247));
#3878=CARTESIAN_POINT('Ctrl Pts',(53.2589047992506,-43.2293311012327,4.87218264183689));
#3879=CARTESIAN_POINT('Ctrl Pts',(53.1787536368505,-43.1104497055013,4.91421356237553));
#3880=CARTESIAN_POINT('',(53.5804429371061,-44.1104497055082,3.5));
#3881=CARTESIAN_POINT('Origin',(53.5804429371061,-42.6104497055082,3.5));
#3882=CARTESIAN_POINT('',(289.038485999149,-44.1104497055082,3.5));
#3883=CARTESIAN_POINT('Origin',(52.8304429371061,-71.5053690124562,4.25));
#3884=CARTESIAN_POINT('',(52.8304429371061,-46.5643299102493,5.));
#3885=CARTESIAN_POINT('',(52.8304429371061,-71.5053690124562,5.));
#3886=CARTESIAN_POINT('',(53.5804429371061,-46.5643299102493,4.25));
#3887=CARTESIAN_POINT('Origin',(52.8304429371061,-46.5643299102493,4.25));
#3888=CARTESIAN_POINT('',(53.5804429371061,-71.5053690124562,4.25));
#3889=CARTESIAN_POINT('Origin',(203.590294276845,-95.696408114663,5.));
#3890=CARTESIAN_POINT('',(373.358695010825,-114.978359007227,5.));
#3891=CARTESIAN_POINT('Origin',(372.986677721453,-112.001514514075,5.));
#3892=CARTESIAN_POINT('',(373.358695010825,-147.662151289426,5.));
#3893=CARTESIAN_POINT('',(373.358695010825,-104.598961314369,5.));
#3894=CARTESIAN_POINT('',(355.875040971381,-147.662151289426,5.));
#3895=CARTESIAN_POINT('',(287.724494643835,-147.662151289426,5.));
#3896=CARTESIAN_POINT('',(354.227237725557,-150.795616976181,5.));
#3897=CARTESIAN_POINT('Origin',(354.227237725557,-148.795616976181,5.));
#3898=CARTESIAN_POINT('',(33.9739799830463,-150.795616976181,5.));
#3899=CARTESIAN_POINT('',(117.963742249489,-150.795616976181,5.));
#3900=CARTESIAN_POINT('',(33.9739799830463,-46.5643299102493,5.));
#3901=CARTESIAN_POINT('',(33.9739799830463,-122.496012545422,5.));
#3902=CARTESIAN_POINT('',(119.532137129946,-46.5643299102493,5.));
#3903=CARTESIAN_POINT('',(29.5403103738394,-152.536643376363,5.));
#3904=CARTESIAN_POINT('',(29.5403103738394,-125.116525745513,5.));
#3905=CARTESIAN_POINT('',(377.640278179851,-152.536643376363,5.));
#3906=CARTESIAN_POINT('',(291.615286228348,-152.536643376363,5.));
#3907=CARTESIAN_POINT('',(377.640278179851,-141.250002101064,5.));
#3908=CARTESIAN_POINT('',(377.640278179851,-66.2762904838131,5.));
#3909=CARTESIAN_POINT('',(376.500005602837,-141.250002101064,5.));
#3910=CARTESIAN_POINT('',(292.295149977094,-141.250002101064,5.));
#3911=CARTESIAN_POINT('',(376.500005602837,-146.500002190471,5.));
#3912=CARTESIAN_POINT('',(376.500005602837,-111.348205003555,5.));
#3913=CARTESIAN_POINT('',(375.500005602837,-147.500002190471,5.));
#3914=CARTESIAN_POINT('Origin',(375.500005602837,-146.500002190471,5.));
#3915=CARTESIAN_POINT('',(374.500005573034,-147.500002190471,5.));
#3916=CARTESIAN_POINT('',(289.795149939841,-147.500002190471,5.));
#3917=CARTESIAN_POINT('',(373.500005573034,-146.500002190471,5.));
#3918=CARTESIAN_POINT('Origin',(374.500005573034,-146.500002190471,5.));
#3919=CARTESIAN_POINT('',(373.500005573034,-127.500001892447,5.));
#3920=CARTESIAN_POINT('',(373.500005573034,-121.348205152567,5.));
#3921=CARTESIAN_POINT('',(374.500005573034,-126.500001892447,5.));
#3922=CARTESIAN_POINT('Origin',(374.500005573034,-127.500001892447,5.));
#3923=CARTESIAN_POINT('',(375.500005602837,-126.500001892447,5.));
#3924=CARTESIAN_POINT('',(288.79514992494,-126.500001892447,5.));
#3925=CARTESIAN_POINT('',(376.500005602837,-127.500001892447,5.));
#3926=CARTESIAN_POINT('Origin',(375.500005602837,-127.500001892447,5.));
#3927=CARTESIAN_POINT('',(376.500005602837,-132.750001981854,5.));
#3928=CARTESIAN_POINT('',(376.500005602837,-111.348205003555,5.));
#3929=CARTESIAN_POINT('',(377.640278179851,-132.750001981854,5.));
#3930=CARTESIAN_POINT('',(289.795149939841,-132.750001981854,5.));
#3931=CARTESIAN_POINT('',(377.640278179851,-66.2762904838131,5.));
#3932=CARTESIAN_POINT('Origin',(29.5403103738393,-42.6104497055082,5.));
#3933=CARTESIAN_POINT('Origin',(29.5403103738393,-38.8561728529632,5.));
#3934=CARTESIAN_POINT('',(29.5403103738394,-125.116525745513,5.));
#3935=CARTESIAN_POINT('Origin',(376.250005602837,-132.750001981854,5.));
#3936=CARTESIAN_POINT('',(376.250005602837,-133.000001981854,3.));
#3937=CARTESIAN_POINT('',(376.250005602837,-133.000001981854,4.5));
#3938=CARTESIAN_POINT('',(376.250005602837,-133.000001981854,5.));
#3939=CARTESIAN_POINT('',(376.000005602837,-132.750001981854,4.5));
#3940=CARTESIAN_POINT('Origin',(376.250005602837,-132.750001981854,4.5));
#3941=CARTESIAN_POINT('',(376.000005602837,-132.750001981854,2.75));
#3942=CARTESIAN_POINT('',(376.000005602837,-132.750001981854,5.));
#3943=CARTESIAN_POINT('Origin',(376.250005602837,-132.750001981854,2.75));
#3944=CARTESIAN_POINT('Origin',(376.250005602837,-141.250002101064,5.));
#3945=CARTESIAN_POINT('',(376.000005602837,-141.250002101064,2.75));
#3946=CARTESIAN_POINT('',(376.000005602837,-141.250002101064,4.5));
#3947=CARTESIAN_POINT('',(376.000005602837,-141.250002101064,5.));
#3948=CARTESIAN_POINT('',(376.250005602837,-141.000002101064,4.5));
#3949=CARTESIAN_POINT('Origin',(376.250005602837,-141.250002101064,4.5));
#3950=CARTESIAN_POINT('',(376.250005602837,-141.000002101064,3.));
#3951=CARTESIAN_POINT('',(376.250005602837,-141.000002101064,5.));
#3952=CARTESIAN_POINT('Origin',(376.250005602837,-141.250002101064,2.75));
#3953=CARTESIAN_POINT('Origin',(376.250005602837,-132.000001966953,2.75));
#3954=CARTESIAN_POINT('',(376.000005602837,-132.000001966953,2.75));
#3955=CARTESIAN_POINT('',(376.250005602837,-132.000001966953,3.));
#3956=CARTESIAN_POINT('Ctrl Pts',(376.500005602837,-141.000002101064,4.74999999999991));
#3957=CARTESIAN_POINT('Ctrl Pts',(376.250005602837,-141.000002101064,4.74999999999991));
#3958=CARTESIAN_POINT('Ctrl Pts',(376.250005602837,-141.000002101064,4.5));
#3959=CARTESIAN_POINT('Ctrl Pts',(376.500005602837,-141.000002101064,5.));
#3960=CARTESIAN_POINT('Ctrl Pts',(376.000005602837,-141.000002101064,5.));
#3961=CARTESIAN_POINT('Ctrl Pts',(376.000005602837,-141.000002101064,4.5));
#3962=CARTESIAN_POINT('Ctrl Pts',(376.500005602837,-141.250002101064,5.));
#3963=CARTESIAN_POINT('Ctrl Pts',(376.000005602837,-141.250002101064,5.));
#3964=CARTESIAN_POINT('Ctrl Pts',(376.000005602837,-141.250002101064,4.5));
#3965=CARTESIAN_POINT('',(376.500005602837,-141.000002101064,4.75));
#3966=CARTESIAN_POINT('Origin',(376.500005602837,-141.250002101064,4.75));
#3967=CARTESIAN_POINT('Origin',(376.500005602837,-141.000002101064,4.5));
#3968=CARTESIAN_POINT('Origin',(376.500005602837,-141.250002101064,4.5));
#3969=CARTESIAN_POINT('Origin',(292.295149977094,-141.250002101064,4.75));
#3970=CARTESIAN_POINT('',(377.640278179851,-141.000002101064,4.75));
#3971=CARTESIAN_POINT('Origin',(377.640278179851,-141.250002101064,4.75));
#3972=CARTESIAN_POINT('',(292.295149977094,-141.000002101064,4.75));
#3973=CARTESIAN_POINT('Origin',(377.640278179851,-141.250002101064,3.));
#3974=CARTESIAN_POINT('',(379.640278179851,-141.250002101064,3.));
#3975=CARTESIAN_POINT('',(379.390278179851,-141.000002101064,3.));
#3976=CARTESIAN_POINT('Origin',(379.390278179851,-141.250002101064,3.));
#3977=CARTESIAN_POINT('Origin',(377.640278179851,-141.000002101064,3.));
#3978=CARTESIAN_POINT('Origin',(377.640278179851,-141.250002101064,3.));
#3979=CARTESIAN_POINT('Origin',(379.390278179851,-141.250002101064,2.5));
#3980=CARTESIAN_POINT('',(379.640278179851,-141.250002101064,2.5));
#3981=CARTESIAN_POINT('',(379.390278179851,-141.000002101064,2.93301270189223));
#3982=CARTESIAN_POINT('Ctrl Pts',(379.390278179851,-141.000002101064,2.93301270189223));
#3983=CARTESIAN_POINT('Ctrl Pts',(379.422999992153,-141.000002101064,2.91412075475128));
#3984=CARTESIAN_POINT('Ctrl Pts',(379.455383662791,-141.006756372811,2.89014771713427));
#3985=CARTESIAN_POINT('Ctrl Pts',(379.512026723475,-141.029473966935,2.8366477325602));
#3986=CARTESIAN_POINT('Ctrl Pts',(379.536277840852,-141.045505650442,2.80714107905701));
#3987=CARTESIAN_POINT('Ctrl Pts',(379.582990904809,-141.086514144048,2.73766436228742));
#3988=CARTESIAN_POINT('Ctrl Pts',(379.605168995026,-141.117383607197,2.69075888005041));
#3989=CARTESIAN_POINT('Ctrl Pts',(379.63383283038,-141.183051054154,2.5945169841958));
#3990=CARTESIAN_POINT('Ctrl Pts',(379.640278179851,-141.217993410114,2.54526712485488));
#3991=CARTESIAN_POINT('Ctrl Pts',(379.640278179851,-141.250002101064,2.5));
#3992=CARTESIAN_POINT('',(379.390278179851,-141.000002101064,2.5));
#3993=CARTESIAN_POINT('',(379.640278179851,-141.250002101064,2.5));
#3994=CARTESIAN_POINT('Ctrl Pts',(376.250005602837,-133.000001981854,4.5));
#3995=CARTESIAN_POINT('Ctrl Pts',(376.250005602837,-133.000001981854,4.74999999999991));
#3996=CARTESIAN_POINT('Ctrl Pts',(376.500005602837,-133.000001981854,4.74999999999991));
#3997=CARTESIAN_POINT('Ctrl Pts',(376.000005602837,-133.000001981855,4.5));
#3998=CARTESIAN_POINT('Ctrl Pts',(376.000005602837,-133.000001981855,5.));
#3999=CARTESIAN_POINT('Ctrl Pts',(376.500005602837,-133.000001981855,5.));
#4000=CARTESIAN_POINT('Ctrl Pts',(376.000005602837,-132.750001981854,4.5));
#4001=CARTESIAN_POINT('Ctrl Pts',(376.000005602837,-132.750001981854,5.));
#4002=CARTESIAN_POINT('Ctrl Pts',(376.500005602837,-132.750001981854,5.));
#4003=CARTESIAN_POINT('',(376.500005602837,-133.000001981854,4.75));
#4004=CARTESIAN_POINT('Origin',(376.500005602837,-132.750001981854,4.75));
#4005=CARTESIAN_POINT('Origin',(376.500005602837,-132.750001981854,4.5));
#4006=CARTESIAN_POINT('Origin',(376.500005602837,-133.000001981854,4.5));
#4007=CARTESIAN_POINT('Origin',(289.795149939841,-132.750001981854,4.75));
#4008=CARTESIAN_POINT('',(377.640278179851,-133.000001981854,4.75));
#4009=CARTESIAN_POINT('Origin',(377.640278179851,-132.750001981854,4.75));
#4010=CARTESIAN_POINT('',(289.795149939841,-133.000001981854,4.75));
#4011=CARTESIAN_POINT('Origin',(377.640278179851,-132.750001981854,3.));
#4012=CARTESIAN_POINT('',(379.390278179851,-133.000001981854,3.));
#4013=CARTESIAN_POINT('',(379.640278179851,-132.750001981854,3.));
#4014=CARTESIAN_POINT('Origin',(379.390278179851,-132.750001981854,3.));
#4015=CARTESIAN_POINT('Origin',(377.640278179851,-132.750001981854,3.));
#4016=CARTESIAN_POINT('Origin',(377.640278179851,-133.000001981854,3.));
#4017=CARTESIAN_POINT('Origin',(379.390278179851,-132.750001981854,2.5));
#4018=CARTESIAN_POINT('',(379.390278179851,-133.000001981854,2.93301270189223));
#4019=CARTESIAN_POINT('',(379.640278179851,-132.750001981854,2.5));
#4020=CARTESIAN_POINT('Ctrl Pts',(379.640278179851,-132.750001981854,2.5));
#4021=CARTESIAN_POINT('Ctrl Pts',(379.640278179851,-132.782010672804,2.54526712485488));
#4022=CARTESIAN_POINT('Ctrl Pts',(379.63383283038,-132.816953028764,2.5945169841958));
#4023=CARTESIAN_POINT('Ctrl Pts',(379.605168995026,-132.882620475721,2.69075888005041));
#4024=CARTESIAN_POINT('Ctrl Pts',(379.582990904809,-132.91348993887,2.73766436228742));
#4025=CARTESIAN_POINT('Ctrl Pts',(379.536277840852,-132.954498432476,2.80714107905701));
#4026=CARTESIAN_POINT('Ctrl Pts',(379.512026723475,-132.970530115983,2.8366477325602));
#4027=CARTESIAN_POINT('Ctrl Pts',(379.455383662791,-132.993247710107,2.89014771713427));
#4028=CARTESIAN_POINT('Ctrl Pts',(379.422999992153,-133.000001981854,2.91412075475127));
#4029=CARTESIAN_POINT('Ctrl Pts',(379.390278179851,-133.000001981854,2.93301270189223));
#4030=CARTESIAN_POINT('',(379.640278179851,-132.750001981854,2.5));
#4031=CARTESIAN_POINT('',(379.390278179851,-133.000001981854,2.5));
#4032=CARTESIAN_POINT('Origin',(376.500005602837,-111.348205003555,4.5));
#4033=CARTESIAN_POINT('',(376.000005602837,-127.500001892447,4.5));
#4034=CARTESIAN_POINT('Origin',(376.500005602837,-127.500001892447,4.5));
#4035=CARTESIAN_POINT('',(376.000005602837,-111.348205003555,4.5));
#4036=CARTESIAN_POINT('Origin',(377.640278179851,-66.2762904838131,3.));
#4037=CARTESIAN_POINT('',(379.640278179851,-37.8561728529632,3.));
#4038=CARTESIAN_POINT('',(379.640278179851,-66.2762904838131,3.));
#4039=CARTESIAN_POINT('Origin',(377.640278179851,-38.8561728529632,3.));
#4040=CARTESIAN_POINT('Origin',(379.640278179851,-36.8561728529632,0.));
#4041=CARTESIAN_POINT('',(379.640278179851,-86.9280874472112,2.5));
#4042=CARTESIAN_POINT('',(379.640278179851,-153.536643376363,3.));
#4043=CARTESIAN_POINT('',(379.640278179851,-66.2762904838131,3.));
#4044=CARTESIAN_POINT('',(379.640278179851,-153.536643376363,-12.));
#4045=CARTESIAN_POINT('',(379.640278179851,-153.536643376363,0.));
#4046=CARTESIAN_POINT('',(379.640278179851,-37.8561728529632,-12.));
#4047=CARTESIAN_POINT('',(379.640278179851,-36.8561728529632,-12.));
#4048=CARTESIAN_POINT('',(379.640278179851,-37.8561728529632,0.));
#4049=CARTESIAN_POINT('Origin',(376.000005602837,-133.000001981854,5.));
#4050=CARTESIAN_POINT('',(379.140278179851,-133.000001981854,3.));
#4051=CARTESIAN_POINT('',(376.000005602837,-133.000001981854,3.));
#4052=CARTESIAN_POINT('Origin',(379.140278179851,-133.000001981854,2.5));
#4053=CARTESIAN_POINT('Origin',(378.50000564009,-137.000002041459,3.));
#4054=CARTESIAN_POINT('',(379.140278179851,-141.000002101064,3.));
#4055=CARTESIAN_POINT('',(381.000005677342,-141.000002101064,3.));
#4056=CARTESIAN_POINT('',(379.140278179851,-86.9280874472112,3.));
#4057=CARTESIAN_POINT('Origin',(379.140278179851,-86.9280874472112,2.5));
#4058=CARTESIAN_POINT('Origin',(379.140278179851,-141.000002101064,2.5));
#4059=CARTESIAN_POINT('Origin',(376.500005602837,-111.348205003555,4.5));
#4060=CARTESIAN_POINT('',(376.000005602837,-146.500002190471,4.5));
#4061=CARTESIAN_POINT('',(376.000005602837,-111.348205003555,4.5));
#4062=CARTESIAN_POINT('Origin',(376.500005602837,-146.500002190471,4.5));
#4063=CARTESIAN_POINT('Origin',(375.500005602837,-146.500002190471,4.5));
#4064=CARTESIAN_POINT('',(375.500005602837,-147.000002190471,4.5));
#4065=CARTESIAN_POINT('Origin',(375.500005602837,-147.500002190471,4.5));
#4066=CARTESIAN_POINT('Origin',(375.500005602837,-146.500002190471,4.5));
#4067=CARTESIAN_POINT('Origin',(289.795149939841,-147.500002190471,4.5));
#4068=CARTESIAN_POINT('',(374.500005573034,-147.000002190471,4.5));
#4069=CARTESIAN_POINT('Origin',(374.500005573034,-147.500002190471,4.5));
#4070=CARTESIAN_POINT('',(289.795149939841,-147.000002190471,4.5));
#4071=CARTESIAN_POINT('Origin',(374.500005573034,-146.500002190471,4.5));
#4072=CARTESIAN_POINT('',(374.000005573034,-146.500002190471,4.5));
#4073=CARTESIAN_POINT('Origin',(373.500005573034,-146.500002190471,4.5));
#4074=CARTESIAN_POINT('Origin',(374.500005573034,-146.500002190471,4.5));
#4075=CARTESIAN_POINT('Origin',(373.500005573034,-121.348205152567,4.5));
#4076=CARTESIAN_POINT('',(374.000005573034,-127.500001892447,4.5));
#4077=CARTESIAN_POINT('Origin',(373.500005573034,-127.500001892447,4.5));
#4078=CARTESIAN_POINT('',(374.000005573034,-121.348205152567,4.5));
#4079=CARTESIAN_POINT('Origin',(374.500005573034,-127.500001892447,4.5));
#4080=CARTESIAN_POINT('',(374.500005573034,-127.000001892447,4.5));
#4081=CARTESIAN_POINT('Origin',(374.500005573034,-126.500001892447,4.5));
#4082=CARTESIAN_POINT('Origin',(374.500005573034,-127.500001892447,4.5));
#4083=CARTESIAN_POINT('Origin',(288.79514992494,-126.500001892447,4.5));
#4084=CARTESIAN_POINT('',(375.500005602837,-127.000001892447,4.5));
#4085=CARTESIAN_POINT('Origin',(375.500005602837,-126.500001892447,4.5));
#4086=CARTESIAN_POINT('',(288.79514992494,-127.000001892447,4.5));
#4087=CARTESIAN_POINT('Origin',(375.500005602837,-127.500001892447,4.5));
#4088=CARTESIAN_POINT('Origin',(375.500005602837,-127.500001892447,4.5));
#4089=CARTESIAN_POINT('Origin',(375.500005602837,-127.500001892447,5.));
#4090=CARTESIAN_POINT('',(375.500005602837,-127.000001892447,-2.5));
#4091=CARTESIAN_POINT('',(375.500005602837,-127.000001892447,5.));
#4092=CARTESIAN_POINT('',(376.000005602837,-127.500001892447,-2.5));
#4093=CARTESIAN_POINT('Origin',(375.500005602837,-127.500001892447,-2.5));
#4094=CARTESIAN_POINT('',(376.000005602837,-127.500001892447,5.));
#4095=CARTESIAN_POINT('Origin',(374.000005573034,-127.000001892447,5.));
#4096=CARTESIAN_POINT('',(374.500005573034,-127.000001892447,-2.5));
#4097=CARTESIAN_POINT('',(374.500005573034,-127.000001892447,5.));
#4098=CARTESIAN_POINT('',(374.500005580485,-127.000001892447,-2.5));
#4099=CARTESIAN_POINT('Origin',(374.500005573034,-127.500001892447,5.));
#4100=CARTESIAN_POINT('',(374.000005573034,-127.500001892447,-2.5));
#4101=CARTESIAN_POINT('',(374.000005573034,-127.500001892447,5.));
#4102=CARTESIAN_POINT('Origin',(374.500005573034,-127.500001892447,-2.5));
#4103=CARTESIAN_POINT('Origin',(374.000005573034,-147.000002190471,5.));
#4104=CARTESIAN_POINT('',(374.000005573034,-146.500002190471,-2.5));
#4105=CARTESIAN_POINT('',(374.000005573034,-146.500002190471,5.));
#4106=CARTESIAN_POINT('',(374.000005573034,-142.000002115965,-2.5));
#4107=CARTESIAN_POINT('Origin',(374.500005573034,-146.500002190471,5.));
#4108=CARTESIAN_POINT('',(374.500005573034,-147.000002190471,-2.5));
#4109=CARTESIAN_POINT('',(374.500005573034,-147.000002190471,5.));
#4110=CARTESIAN_POINT('Origin',(374.500005573034,-146.500002190471,-2.5));
#4111=CARTESIAN_POINT('Origin',(376.000005602837,-147.000002190471,5.));
#4112=CARTESIAN_POINT('',(375.500005602837,-147.000002190471,-2.5));
#4113=CARTESIAN_POINT('',(375.500005602837,-147.000002190471,5.));
#4114=CARTESIAN_POINT('',(375.500005595386,-147.000002190471,-2.5));
#4115=CARTESIAN_POINT('Origin',(375.500005602837,-146.500002190471,5.));
#4116=CARTESIAN_POINT('',(376.000005602837,-146.500002190471,-2.5));
#4117=CARTESIAN_POINT('',(376.000005602837,-146.500002190471,5.));
#4118=CARTESIAN_POINT('Origin',(375.500005602837,-146.500002190471,-2.5));
#4119=CARTESIAN_POINT('Origin',(376.000005602837,-127.000001892447,5.));
#4120=CARTESIAN_POINT('',(376.000005602837,-132.000001966953,-2.5));
#4121=CARTESIAN_POINT('Origin',(375.500005602837,-127.500001892447,-2.5));
#4122=CARTESIAN_POINT('',(375.500005602837,-127.500001892447,-3.));
#4123=CARTESIAN_POINT('Origin',(375.500005602837,-127.500001892447,-2.5));
#4124=CARTESIAN_POINT('Origin',(375.500005602837,-127.500001892447,-2.5));
#4125=CARTESIAN_POINT('Origin',(375.500005602837,-146.500002190471,-2.5));
#4126=CARTESIAN_POINT('',(375.500005602837,-146.500002190471,-3.));
#4127=CARTESIAN_POINT('Origin',(375.500005602837,-146.500002190471,-2.5));
#4128=CARTESIAN_POINT('Origin',(375.500005602837,-146.500002190471,-2.5));
#4129=CARTESIAN_POINT('Origin',(375.500005602837,-132.000001966953,-2.5));
#4130=CARTESIAN_POINT('',(375.500005602837,-132.000001966953,-3.));
#4131=CARTESIAN_POINT('Origin',(374.500005573034,-127.500001892447,-2.5));
#4132=CARTESIAN_POINT('',(374.500005573034,-127.500001892447,-3.));
#4133=CARTESIAN_POINT('Origin',(374.500005573034,-127.500001892447,-2.5));
#4134=CARTESIAN_POINT('Origin',(374.500005573034,-127.500001892447,-2.5));
#4135=CARTESIAN_POINT('Origin',(374.500005573034,-146.500002190471,-2.5));
#4136=CARTESIAN_POINT('',(374.500005573034,-146.500002190471,-3.));
#4137=CARTESIAN_POINT('Origin',(374.500005573034,-146.500002190471,-2.5));
#4138=CARTESIAN_POINT('Origin',(374.500005573034,-146.500002190471,-2.5));
#4139=CARTESIAN_POINT('Origin',(375.500005595386,-146.500002190471,-2.5));
#4140=CARTESIAN_POINT('',(375.500005595386,-146.500002190471,-3.));
#4141=CARTESIAN_POINT('Origin',(374.500005573034,-142.000002115965,-2.5));
#4142=CARTESIAN_POINT('',(374.500005573034,-142.000002115965,-3.));
#4143=CARTESIAN_POINT('Origin',(374.500005580485,-127.500001892447,-2.5));
#4144=CARTESIAN_POINT('',(374.500005580485,-127.500001892447,-3.));
#4145=CARTESIAN_POINT('Origin',(375.000005587935,-137.000002041459,-3.));
#4146=CARTESIAN_POINT('Origin',(381.000005677342,-141.000002101064,5.));
#4147=CARTESIAN_POINT('Origin',(377.640278179851,-66.2762904838131,3.));
#4148=CARTESIAN_POINT('Origin',(377.640278179851,-152.536643376363,3.));
#4149=CARTESIAN_POINT('Ctrl Pts',(377.640278179851,-152.536643376363,5.));
#4150=CARTESIAN_POINT('Ctrl Pts',(377.864677655108,-152.985442326876,5.));
#4151=CARTESIAN_POINT('Ctrl Pts',(378.237268534669,-153.730624085998,4.73753680485395));
#4152=CARTESIAN_POINT('Ctrl Pts',(378.571819300756,-154.399725618173,3.89643346730268));
#4153=CARTESIAN_POINT('Ctrl Pts',(378.640278179851,-154.536643376363,3.29919930034189));
#4154=CARTESIAN_POINT('Ctrl Pts',(378.640278179851,-154.536643376363,3.));
#4155=CARTESIAN_POINT('Ctrl Pts',(377.640278179851,-152.536643376363,5.));
#4156=CARTESIAN_POINT('Ctrl Pts',(377.907420412299,-152.942699569684,5.));
#4157=CARTESIAN_POINT('Ctrl Pts',(378.349969525845,-153.617314534952,4.7975129157151));
#4158=CARTESIAN_POINT('Ctrl Pts',(378.817864325612,-154.348807299343,4.02025405764196));
#4159=CARTESIAN_POINT('Ctrl Pts',(378.939477480193,-154.536643376363,3.34463144384187));
#4160=CARTESIAN_POINT('Ctrl Pts',(378.939477480193,-154.536643376363,3.));
#4161=CARTESIAN_POINT('Ctrl Pts',(377.640278179851,-152.536643376363,5.));
#4162=CARTESIAN_POINT('Ctrl Pts',(377.982220237385,-152.867899744598,5.));
#4163=CARTESIAN_POINT('Ctrl Pts',(378.550350413402,-153.417928602469,4.84125967880274));
#4164=CARTESIAN_POINT('Ctrl Pts',(379.247165704444,-154.084582526478,4.12377179792858));
#4165=CARTESIAN_POINT('Ctrl Pts',(379.457231259076,-154.28530846356,3.38366344296206));
#4166=CARTESIAN_POINT('Ctrl Pts',(379.457231259076,-154.28530846356,3.));
#4167=CARTESIAN_POINT('Ctrl Pts',(377.640278179851,-152.536643376363,5.));
#4168=CARTESIAN_POINT('Ctrl Pts',(378.05702006247,-152.793099919513,5.));
#4169=CARTESIAN_POINT('Ctrl Pts',(378.750331008929,-153.219110902198,4.78265989760079));
#4170=CARTESIAN_POINT('Ctrl Pts',(379.465509962652,-153.653031254728,3.98837044713883));
#4171=CARTESIAN_POINT('Ctrl Pts',(379.640278179851,-153.761042851619,3.3328222997077));
#4172=CARTESIAN_POINT('Ctrl Pts',(379.640278179851,-153.761042851619,3.));
#4173=CARTESIAN_POINT('Ctrl Pts',(377.640278179851,-152.536643376363,5.));
#4174=CARTESIAN_POINT('Ctrl Pts',(378.089077130364,-152.761042851619,5.));
#4175=CARTESIAN_POINT('Ctrl Pts',(378.834258889487,-153.133633731181,4.73753680485395));
#4176=CARTESIAN_POINT('Ctrl Pts',(379.503360421661,-153.468184497268,3.89643346730268));
#4177=CARTESIAN_POINT('Ctrl Pts',(379.640278179851,-153.536643376363,3.29919930034189));
#4178=CARTESIAN_POINT('Ctrl Pts',(379.640278179851,-153.536643376363,3.));
#4179=CARTESIAN_POINT('',(378.640278179851,-154.536643376363,3.));
#4180=CARTESIAN_POINT('Origin',(378.640278179851,-153.536643376363,3.));
#4181=CARTESIAN_POINT('Origin',(377.640278179851,-152.536643376363,3.));
#4182=CARTESIAN_POINT('Ctrl Pts',(377.640278179851,-38.8561728529632,5.));
#4183=CARTESIAN_POINT('Ctrl Pts',(378.089077130364,-38.6317733777068,5.));
#4184=CARTESIAN_POINT('Ctrl Pts',(378.834265069135,-38.2591794083212,4.73755122444693));
#4185=CARTESIAN_POINT('Ctrl Pts',(379.503364810353,-37.9246295377121,3.89644079258015));
#4186=CARTESIAN_POINT('Ctrl Pts',(379.640278179851,-37.8561728529632,3.29919930034189));
#4187=CARTESIAN_POINT('Ctrl Pts',(379.640278179851,-37.8561728529632,3.));
#4188=CARTESIAN_POINT('Ctrl Pts',(377.640278179851,-38.8561728529632,5.));
#4189=CARTESIAN_POINT('Ctrl Pts',(378.046334373172,-38.5890306205151,5.));
#4190=CARTESIAN_POINT('Ctrl Pts',(378.720989333157,-38.1464582219802,4.79751737869274));
#4191=CARTESIAN_POINT('Ctrl Pts',(379.452471104235,-37.6785694417687,4.02025717296638));
#4192=CARTESIAN_POINT('Ctrl Pts',(379.640278179851,-37.5569735526213,3.34463144384187));
#4193=CARTESIAN_POINT('Ctrl Pts',(379.640278179851,-37.5569735526213,3.));
#4194=CARTESIAN_POINT('Ctrl Pts',(377.640278179851,-38.8561728529632,5.));
#4195=CARTESIAN_POINT('Ctrl Pts',(377.971534548087,-38.5142307954296,5.));
#4196=CARTESIAN_POINT('Ctrl Pts',(378.521588760671,-37.9460711270797,4.84128079511282));
#4197=CARTESIAN_POINT('Ctrl Pts',(379.188242119126,-37.2492573547109,4.12380312753988));
#4198=CARTESIAN_POINT('Ctrl Pts',(379.388948374103,-37.0392136459937,3.38366344296206));
#4199=CARTESIAN_POINT('Ctrl Pts',(379.388948374103,-37.0392136459937,3.));
#4200=CARTESIAN_POINT('Ctrl Pts',(377.640278179851,-38.8561728529632,5.));
#4201=CARTESIAN_POINT('Ctrl Pts',(377.896734723001,-38.4394309703442,5.));
#4202=CARTESIAN_POINT('Ctrl Pts',(378.322752735916,-37.746100845155,4.78267176098997));
#4203=CARTESIAN_POINT('Ctrl Pts',(378.756673047325,-37.0309253700275,3.98838229732749));
#4204=CARTESIAN_POINT('Ctrl Pts',(378.864677655108,-36.8561728529632,3.3328222997077));
#4205=CARTESIAN_POINT('Ctrl Pts',(378.864677655108,-36.8561728529632,3.));
#4206=CARTESIAN_POINT('Ctrl Pts',(377.640278179851,-38.8561728529632,5.));
#4207=CARTESIAN_POINT('Ctrl Pts',(377.864677655108,-38.4073739024504,5.));
#4208=CARTESIAN_POINT('Ctrl Pts',(378.237271624493,-37.662185963679,4.73755122444691));
#4209=CARTESIAN_POINT('Ctrl Pts',(378.571821495102,-36.993086222461,3.89644079258016));
#4210=CARTESIAN_POINT('Ctrl Pts',(378.640278179851,-36.8561728529632,3.29919930034189));
#4211=CARTESIAN_POINT('Ctrl Pts',(378.640278179851,-36.8561728529632,3.));
#4212=CARTESIAN_POINT('Origin',(378.640278179851,-37.8561728529632,3.));
#4213=CARTESIAN_POINT('Ctrl Pts',(29.5403103738394,-38.8561728529632,5.));
#4214=CARTESIAN_POINT('Ctrl Pts',(29.315910898583,-38.4073739024504,5.));
#4215=CARTESIAN_POINT('Ctrl Pts',(28.9432658004029,-37.6620837060902,4.73779668858834));
#4216=CARTESIAN_POINT('Ctrl Pts',(28.6087302824288,-36.993012670142,3.89655702202985));
#4217=CARTESIAN_POINT('Ctrl Pts',(28.5403103738394,-36.8561728529632,3.29919930034188));
#4218=CARTESIAN_POINT('Ctrl Pts',(28.5403103738394,-36.8561728529632,3.));
#4219=CARTESIAN_POINT('Ctrl Pts',(29.5403103738394,-38.8561728529632,5.));
#4220=CARTESIAN_POINT('Ctrl Pts',(29.2731681413913,-38.4501166596421,5.));
#4221=CARTESIAN_POINT('Ctrl Pts',(28.8302121490361,-37.7748012938846,4.79759135721201));
#4222=CARTESIAN_POINT('Ctrl Pts',(28.3624159679129,-37.043492538624,4.02030926267545));
#4223=CARTESIAN_POINT('Ctrl Pts',(28.2411110734975,-36.8561728529632,3.34463144384187));
#4224=CARTESIAN_POINT('Ctrl Pts',(28.2411110734975,-36.8561728529632,3.));
#4225=CARTESIAN_POINT('Ctrl Pts',(29.5403103738394,-38.8561728529632,5.));
#4226=CARTESIAN_POINT('Ctrl Pts',(29.1983683163058,-38.5249164847276,5.));
#4227=CARTESIAN_POINT('Ctrl Pts',(28.6297394554046,-37.9744606502427,4.84159886356378));
#4228=CARTESIAN_POINT('Ctrl Pts',(27.932911241276,-37.3077791416296,4.12437671516836));
#4229=CARTESIAN_POINT('Ctrl Pts',(27.7232311527411,-37.1074026351825,3.38366344296206));
#4230=CARTESIAN_POINT('Ctrl Pts',(27.7232311527411,-37.1074026351825,3.));
#4231=CARTESIAN_POINT('Ctrl Pts',(29.5403103738394,-38.8561728529632,5.));
#4232=CARTESIAN_POINT('Ctrl Pts',(29.1235684912203,-38.599716309813,5.));
#4233=CARTESIAN_POINT('Ctrl Pts',(28.4299258975104,-38.1735866593902,4.78286001516594));
#4234=CARTESIAN_POINT('Ctrl Pts',(27.7147950999217,-37.7396563739486,3.98858858241617));
#4235=CARTESIAN_POINT('Ctrl Pts',(27.5403103738394,-37.6317733777068,3.33282229970769));
#4236=CARTESIAN_POINT('Ctrl Pts',(27.5403103738394,-37.6317733777068,3.));
#4237=CARTESIAN_POINT('Ctrl Pts',(29.5403103738394,-38.8561728529632,5.));
#4238=CARTESIAN_POINT('Ctrl Pts',(29.0915114233266,-38.6317733777068,5.));
#4239=CARTESIAN_POINT('Ctrl Pts',(28.3462212269664,-38.2591282795267,4.73779668858834));
#4240=CARTESIAN_POINT('Ctrl Pts',(27.6771501910182,-37.9245927615526,3.89655702202985));
#4241=CARTESIAN_POINT('Ctrl Pts',(27.5403103738394,-37.8561728529632,3.29919930034188));
#4242=CARTESIAN_POINT('Ctrl Pts',(27.5403103738394,-37.8561728529632,3.));
#4243=CARTESIAN_POINT('',(27.5403103738394,-37.8561728529632,3.));
#4244=CARTESIAN_POINT('Origin',(28.5403103738394,-37.8561728529632,3.));
#4245=CARTESIAN_POINT('Origin',(29.5403103738394,-38.8561728529632,3.));
#4246=CARTESIAN_POINT('Ctrl Pts',(29.5403103738394,-152.536643376363,5.));
#4247=CARTESIAN_POINT('Ctrl Pts',(29.0915114233266,-152.761042851619,5.));
#4248=CARTESIAN_POINT('Ctrl Pts',(28.3462907238826,-153.133653201341,4.73762834769625));
#4249=CARTESIAN_POINT('Ctrl Pts',(27.6772003849861,-153.468198370789,3.89647913258944));
#4250=CARTESIAN_POINT('Ctrl Pts',(27.5403103738394,-153.536643376363,3.29919930034188));
#4251=CARTESIAN_POINT('Ctrl Pts',(27.5403103738394,-153.536643376363,3.));
#4252=CARTESIAN_POINT('Ctrl Pts',(29.5403103738394,-152.536643376363,5.));
#4253=CARTESIAN_POINT('Ctrl Pts',(29.1342541805183,-152.803785608811,5.));
#4254=CARTESIAN_POINT('Ctrl Pts',(28.4593873326261,-153.246481280084,4.79754105127449));
#4255=CARTESIAN_POINT('Ctrl Pts',(27.7279629596703,-153.714338843,4.02027374190159));
#4256=CARTESIAN_POINT('Ctrl Pts',(27.5403103738394,-153.835842676705,3.34463144384187));
#4257=CARTESIAN_POINT('Ctrl Pts',(27.5403103738394,-153.835842676705,3.));
#4258=CARTESIAN_POINT('Ctrl Pts',(29.5403103738394,-152.536643376363,5.));
#4259=CARTESIAN_POINT('Ctrl Pts',(29.2090540056037,-152.878585433896,5.));
#4260=CARTESIAN_POINT('Ctrl Pts',(28.658867158686,-153.446899582979,4.84138971533825));
#4261=CARTESIAN_POINT('Ctrl Pts',(27.992213084542,-154.143709221064,4.12397466733408));
#4262=CARTESIAN_POINT('Ctrl Pts',(27.7916115158408,-154.353636975786,3.38366344296206));
#4263=CARTESIAN_POINT('Ctrl Pts',(27.7916115158408,-154.353636975786,3.));
#4264=CARTESIAN_POINT('Ctrl Pts',(29.5403103738394,-152.536643376363,5.));
#4265=CARTESIAN_POINT('Ctrl Pts',(29.2838538306892,-152.953385258982,5.));
#4266=CARTESIAN_POINT('Ctrl Pts',(28.8577990131493,-153.646816573203,4.7827338550494));
#4267=CARTESIAN_POINT('Ctrl Pts',(28.423877863826,-154.361974883881,3.98844613000817));
#4268=CARTESIAN_POINT('Ctrl Pts',(28.315910898583,-154.536643376363,3.33282229970769));
#4269=CARTESIAN_POINT('Ctrl Pts',(28.315910898583,-154.536643376363,3.));
#4270=CARTESIAN_POINT('Ctrl Pts',(29.5403103738394,-152.536643376363,5.));
#4271=CARTESIAN_POINT('Ctrl Pts',(29.315910898583,-152.985442326876,5.));
#4272=CARTESIAN_POINT('Ctrl Pts',(28.943300548861,-153.73066302632,4.73762834769625));
#4273=CARTESIAN_POINT('Ctrl Pts',(28.6087553794127,-154.399753365216,3.89647913258945));
#4274=CARTESIAN_POINT('Ctrl Pts',(28.5403103738394,-154.536643376363,3.29919930034189));
#4275=CARTESIAN_POINT('Ctrl Pts',(28.5403103738394,-154.536643376363,3.));
#4276=CARTESIAN_POINT('',(27.5403103738394,-153.536643376363,3.));
#4277=CARTESIAN_POINT('',(28.5403103738394,-154.536643376363,3.));
#4278=CARTESIAN_POINT('Origin',(28.5403103738394,-153.536643376363,3.));
#4279=CARTESIAN_POINT('Origin',(29.5403103738394,-152.536643376363,3.));
#4280=CARTESIAN_POINT('Origin',(29.5403103738394,-152.536643376363,3.));
#4281=CARTESIAN_POINT('Origin',(291.615286228348,-152.536643376363,3.));
#4282=CARTESIAN_POINT('',(291.615286228348,-154.536643376363,3.));
#4283=CARTESIAN_POINT('Origin',(29.5403103738394,-125.116525745513,3.));
#4284=CARTESIAN_POINT('',(27.5403103738394,-125.116525745513,3.));
#4285=CARTESIAN_POINT('Origin',(378.640278179851,-153.536643376363,0.));
#4286=CARTESIAN_POINT('',(378.640278179851,-154.536643376363,-12.));
#4287=CARTESIAN_POINT('',(378.640278179851,-154.536643376363,0.));
#4288=CARTESIAN_POINT('Origin',(378.640278179851,-153.536643376363,-12.));
#4289=CARTESIAN_POINT('Origin',(379.640278179851,-154.536643376363,0.));
#4290=CARTESIAN_POINT('',(28.5403103738394,-154.536643376363,-12.));
#4291=CARTESIAN_POINT('',(28.5403103738394,-154.536643376363,0.));
#4292=CARTESIAN_POINT('',(379.640278179851,-154.536643376363,-12.));
#4293=CARTESIAN_POINT('Origin',(28.5403103738394,-153.536643376363,0.));
#4294=CARTESIAN_POINT('',(27.5403103738394,-153.536643376363,-12.));
#4295=CARTESIAN_POINT('',(27.5403103738394,-153.536643376363,0.));
#4296=CARTESIAN_POINT('Origin',(28.5403103738394,-153.536643376363,-12.));
#4297=CARTESIAN_POINT('Origin',(373.358695010825,-112.001514514075,1.5));
#4298=CARTESIAN_POINT('',(371.858695010825,-114.907785758408,0.755965421256901));
#4299=CARTESIAN_POINT('',(373.358695010825,-113.454650136241,1.12798271062845));
#4300=CARTESIAN_POINT('Origin',(373.358695010825,-114.907785758408,0.755965421256901));
#4301=CARTESIAN_POINT('',(373.358695010825,-112.001514514075,0.));
#4302=CARTESIAN_POINT('Origin',(373.358695010825,-112.001514514075,1.5));
#4303=CARTESIAN_POINT('',(371.858695010825,-114.599590725429,0.));
#4304=CARTESIAN_POINT('Ctrl Pts',(371.858695010825,-114.599590725429,0.));
#4305=CARTESIAN_POINT('Ctrl Pts',(371.858695010825,-114.408432659022,1.04532346866474E-17));
#4306=CARTESIAN_POINT('Ctrl Pts',(371.887876503022,-114.20194105297,1.03397576569128E-24));
#4307=CARTESIAN_POINT('Ctrl Pts',(372.00056670711,-113.802926714689,1.03397576569128E-24));
#4308=CARTESIAN_POINT('Ctrl Pts',(372.083648377062,-113.610283500014,0.));
#4309=CARTESIAN_POINT('Ctrl Pts',(372.452825936542,-112.924349422381,0.));
#4310=CARTESIAN_POINT('Ctrl Pts',(372.943047677703,-112.417161847197,0.));
#4311=CARTESIAN_POINT('Ctrl Pts',(373.358695010825,-112.001514514075,0.));
#4312=CARTESIAN_POINT('Origin',(371.858695010825,-112.001514514075,1.5));
#4313=CARTESIAN_POINT('Origin',(372.986677721453,-112.001514514075,3.5));
#4314=CARTESIAN_POINT('',(373.172686366139,-113.489936760651,3.5));
#4315=CARTESIAN_POINT('Origin',(373.358695010825,-114.978359007227,3.5));
#4316=CARTESIAN_POINT('Origin',(372.986677721453,-112.001514514075,3.5));
#4317=CARTESIAN_POINT('Origin',(373.358695010825,-114.978359007227,3.5));
#4318=CARTESIAN_POINT('',(371.858695010825,-114.978359007227,3.5));
#4319=CARTESIAN_POINT('Origin',(373.358695010825,-114.978359007227,3.5));
#4320=CARTESIAN_POINT('Origin',(373.358695010825,-114.978359007227,3.5));
#4321=CARTESIAN_POINT('Origin',(373.358695010825,-114.978359007227,-5.));
#4322=CARTESIAN_POINT('',(373.172686366139,-113.489936760651,1.31399135531426));
#4323=CARTESIAN_POINT('',(371.858695010825,-114.978359007227,1.31399135531426));
#4324=CARTESIAN_POINT('Origin',(373.358695010825,-114.978359007227,1.31399135531426));
#4325=CARTESIAN_POINT('',(371.858695010825,-114.978359007227,-5.));
#4326=CARTESIAN_POINT('',(373.172686366139,-113.489936760651,-5.));
#4327=CARTESIAN_POINT('Ctrl Pts',(373.172686366139,-113.489936760651,1.31399135531429));
#4328=CARTESIAN_POINT('Ctrl Pts',(373.19930879373,-113.486609746636,1.28736892772314));
#4329=CARTESIAN_POINT('Ctrl Pts',(373.230422504592,-113.481873910703,1.25625521686099));
#4330=CARTESIAN_POINT('Ctrl Pts',(373.265917112561,-113.475314458761,1.22076060889151));
#4331=CARTESIAN_POINT('Ctrl Pts',(373.283651986886,-113.471871304867,1.20302573456714));
#4332=CARTESIAN_POINT('Ctrl Pts',(373.305791326169,-113.467260832182,1.18088639528368));
#4333=CARTESIAN_POINT('Ctrl Pts',(373.327876039709,-113.462242923843,1.1588016817444));
#4334=CARTESIAN_POINT('Ctrl Pts',(373.345502277468,-113.457985109713,1.1411754439855));
#4335=CARTESIAN_POINT('Ctrl Pts',(373.354300185784,-113.455775255517,1.13237753566948));
#4336=CARTESIAN_POINT('Ctrl Pts',(373.358695010825,-113.454650136241,1.12798271062844));
#4337=CARTESIAN_POINT('Ctrl Pts',(372.762598953841,-113.54118552688,1.3139913553143));
#4338=CARTESIAN_POINT('Ctrl Pts',(372.783191388847,-113.530967321884,1.28562889254193));
#4339=CARTESIAN_POINT('Ctrl Pts',(372.80763476646,-113.51862408082,1.25258776092447));
#4340=CARTESIAN_POINT('Ctrl Pts',(372.835649404462,-113.502013074446,1.21707785248531));
#4341=CARTESIAN_POINT('Ctrl Pts',(372.849697661186,-113.493534398963,1.19949227828876));
#4342=CARTESIAN_POINT('Ctrl Pts',(372.867333996566,-113.482639891816,1.17782318960521));
#4343=CARTESIAN_POINT('Ctrl Pts',(372.885042999023,-113.471283364298,1.15668299153158));
#4344=CARTESIAN_POINT('Ctrl Pts',(372.899230485341,-113.461844814825,1.14018504290647));
#4345=CARTESIAN_POINT('Ctrl Pts',(372.906342704984,-113.457081627377,1.13201357139466));
#4346=CARTESIAN_POINT('Ctrl Pts',(372.909896060312,-113.454650136241,1.12798271062844));
#4347=CARTESIAN_POINT('Ctrl Pts',(372.089767954192,-113.944193852466,1.31399135531433));
#4348=CARTESIAN_POINT('Ctrl Pts',(372.095701631575,-113.931417910053,1.27083563224201));
#4349=CARTESIAN_POINT('Ctrl Pts',(372.102692617651,-113.913568476489,1.22192883519235));
#4350=CARTESIAN_POINT('Ctrl Pts',(372.110924449666,-113.890158981539,1.16810441533742));
#4351=CARTESIAN_POINT('Ctrl Pts',(372.115060820582,-113.877994208242,1.14153748175365));
#4352=CARTESIAN_POINT('Ctrl Pts',(372.12026754545,-113.861940148255,1.10900562943443));
#4353=CARTESIAN_POINT('Ctrl Pts',(372.125528133016,-113.844839455078,1.07741468402981));
#4354=CARTESIAN_POINT('Ctrl Pts',(372.129775074301,-113.830591386165,1.05271855164757));
#4355=CARTESIAN_POINT('Ctrl Pts',(372.13190575676,-113.823267530297,1.04058261280885));
#4356=CARTESIAN_POINT('Ctrl Pts',(372.132975910973,-113.819566902366,1.0345603596042));
#4357=CARTESIAN_POINT('Ctrl Pts',(371.858695010825,-114.668401036701,1.3139913553144));
#4358=CARTESIAN_POINT('Ctrl Pts',(371.858647144845,-114.664600217809,1.24453248045081));
#4359=CARTESIAN_POINT('Ctrl Pts',(371.858847042738,-114.655598599359,1.1638941775456));
#4360=CARTESIAN_POINT('Ctrl Pts',(371.858780185981,-114.639792978539,1.07290193164406));
#4361=CARTESIAN_POINT('Ctrl Pts',(371.858756254522,-114.631083862972,1.02762073061941));
#4362=CARTESIAN_POINT('Ctrl Pts',(371.858749179815,-114.618694826453,0.971466658551502));
#4363=CARTESIAN_POINT('Ctrl Pts',(371.858743180295,-114.604366989651,0.915999856888168));
#4364=CARTESIAN_POINT('Ctrl Pts',(371.85871091303,-114.591789081504,0.872084194221169));
#4365=CARTESIAN_POINT('Ctrl Pts',(371.858706143881,-114.585122547851,0.850299035907327));
#4366=CARTESIAN_POINT('Ctrl Pts',(371.858695010825,-114.581702887317,0.839445905778192));
#4367=CARTESIAN_POINT('Ctrl Pts',(371.858695010825,-114.978359007227,1.31399135531442));
#4368=CARTESIAN_POINT('Ctrl Pts',(371.858695010825,-114.978359007227,1.23329251634887));
#4369=CARTESIAN_POINT('Ctrl Pts',(371.858695010824,-114.973213603112,1.13898762204323));
#4370=CARTESIAN_POINT('Ctrl Pts',(371.858695010824,-114.960610352325,1.03212089495841));
#4371=CARTESIAN_POINT('Ctrl Pts',(371.858695010824,-114.953358929306,0.978843257117265));
#4372=CARTESIAN_POINT('Ctrl Pts',(371.858695010824,-114.942523058012,0.912586933351438));
#4373=CARTESIAN_POINT('Ctrl Pts',(371.858695010825,-114.929368361809,0.846910525597206));
#4374=CARTESIAN_POINT('Ctrl Pts',(371.858695010824,-114.917482845123,0.794789058566219));
#4375=CARTESIAN_POINT('Ctrl Pts',(371.858695010825,-114.911091910467,0.768879571934731));
#4376=CARTESIAN_POINT('Ctrl Pts',(371.858695010825,-114.907785758408,0.755965421256905));
#4377=CARTESIAN_POINT('Origin',(372.986677721453,-112.001514514075,1.5));
#4378=CARTESIAN_POINT('Ctrl Pts',(371.858695010825,-114.907785758408,0.755965421256905));
#4379=CARTESIAN_POINT('Ctrl Pts',(371.858695010825,-114.911091910467,0.768879571934731));
#4380=CARTESIAN_POINT('Ctrl Pts',(371.858695010824,-114.917482845123,0.794789058566219));
#4381=CARTESIAN_POINT('Ctrl Pts',(371.858695010825,-114.929368361809,0.846910525597206));
#4382=CARTESIAN_POINT('Ctrl Pts',(371.858695010824,-114.942523058012,0.912586933351438));
#4383=CARTESIAN_POINT('Ctrl Pts',(371.858695010824,-114.953358929306,0.978843257117265));
#4384=CARTESIAN_POINT('Ctrl Pts',(371.858695010824,-114.960610352325,1.03212089495841));
#4385=CARTESIAN_POINT('Ctrl Pts',(371.858695010824,-114.973213603112,1.13898762204323));
#4386=CARTESIAN_POINT('Ctrl Pts',(371.858695010825,-114.978359007227,1.23329251634887));
#4387=CARTESIAN_POINT('Ctrl Pts',(371.858695010825,-114.978359007227,1.31399135531442));
#4388=CARTESIAN_POINT('Origin',(368.750283320635,-112.001514514075,1.5));
#4389=CARTESIAN_POINT('',(374.486677721453,-112.001514514075,0.));
#4390=CARTESIAN_POINT('Origin',(372.986677721453,-112.001514514075,1.5));
#4391=CARTESIAN_POINT('',(368.750283320635,-112.001514514075,0.));
#4392=CARTESIAN_POINT('Origin',(372.986677721453,-112.001514514075,-5.));
#4393=CARTESIAN_POINT('',(374.486677721453,-112.001514514075,-5.));
#4394=CARTESIAN_POINT('Origin',(374.486677721453,-149.295616976181,0.));
#4395=CARTESIAN_POINT('',(374.486677721453,-44.1104497055082,-10.));
#4396=CARTESIAN_POINT('',(374.486677721453,-44.1104497055082,0.));
#4397=CARTESIAN_POINT('',(374.486677721453,-101.544906698393,-10.));
#4398=CARTESIAN_POINT('',(374.486677721453,-149.295616976181,-10.));
#4399=CARTESIAN_POINT('',(374.486677721453,-101.544906698393,-2.5));
#4400=CARTESIAN_POINT('',(374.486677721453,-101.544906698393,-5.));
#4401=CARTESIAN_POINT('',(374.486677721453,-105.875033717316,0.));
#4402=CARTESIAN_POINT('Ctrl Pts',(374.486677721453,-101.544906698393,-2.5));
#4403=CARTESIAN_POINT('Ctrl Pts',(374.486677721453,-101.891279475995,-2.1536272223988));
#4404=CARTESIAN_POINT('Ctrl Pts',(374.486677721453,-102.271845038347,-1.77164753160987));
#4405=CARTESIAN_POINT('Ctrl Pts',(374.486677721453,-103.082047851271,-1.07234692069185));
#4406=CARTESIAN_POINT('Ctrl Pts',(374.486677721453,-103.514304340442,-0.758066381953886));
#4407=CARTESIAN_POINT('Ctrl Pts',(374.486677721453,-104.226188341625,-0.374922277061998));
#4408=CARTESIAN_POINT('Ctrl Pts',(374.486677721453,-104.547260366083,-0.236452827141936));
#4409=CARTESIAN_POINT('Ctrl Pts',(374.486677721453,-105.212284263218,-0.0486358203284624));
#4410=CARTESIAN_POINT('Ctrl Pts',(374.486677721453,-105.556436939971,-4.95198868890865E-16));
#4411=CARTESIAN_POINT('Ctrl Pts',(374.486677721453,-105.875033717316,0.));
#4412=CARTESIAN_POINT('',(374.486677721453,-137.982939406734,0.));
#4413=CARTESIAN_POINT('Origin',(374.486677721453,-44.1104497055082,0.));
#4414=CARTESIAN_POINT('',(53.5804429371061,-44.1104497055082,-9.25));
#4415=CARTESIAN_POINT('',(53.5804429371061,-44.1104497055082,-5.));
#4416=CARTESIAN_POINT('',(54.056155832836,-44.1104497055082,-9.94804482981476));
#4417=CARTESIAN_POINT('Origin',(54.3304429371061,-44.1104497055082,-9.25));
#4418=CARTESIAN_POINT('',(54.9613985773717,-44.1104497055082,-10.));
#4419=CARTESIAN_POINT('Ctrl Pts',(54.056155832836,-44.1104497055082,-9.94804482981476));
#4420=CARTESIAN_POINT('Ctrl Pts',(54.1302553338395,-44.1104497055082,-9.95490278051637));
#4421=CARTESIAN_POINT('Ctrl Pts',(54.2028706336578,-44.1104497055082,-9.96140974277842));
#4422=CARTESIAN_POINT('Ctrl Pts',(54.4879809893714,-44.1104497055082,-9.98503480843704));
#4423=CARTESIAN_POINT('Ctrl Pts',(54.746011669564,-44.1104497055082,-10.));
#4424=CARTESIAN_POINT('Ctrl Pts',(54.9613985773717,-44.1104497055082,-10.));
#4425=CARTESIAN_POINT('',(374.486677721453,-44.1104497055082,-10.));
#4426=CARTESIAN_POINT('Origin',(33.9739799830463,-122.496012545422,3.5));
#4427=CARTESIAN_POINT('',(35.4739799830464,-149.295616976181,3.5));
#4428=CARTESIAN_POINT('',(35.4739799830464,-47.3143299102493,3.5));
#4429=CARTESIAN_POINT('',(35.4739799830464,-122.496012545422,3.5));
#4430=CARTESIAN_POINT('',(35.273018088723,-47.3143299102493,4.25));
#4431=CARTESIAN_POINT('Origin',(33.9739799830463,-47.3143299102493,3.5));
#4432=CARTESIAN_POINT('Ctrl Pts',(33.9739799830463,-46.5643299102493,5.));
#4433=CARTESIAN_POINT('Ctrl Pts',(34.109781357611,-46.6603559830984,5.));
#4434=CARTESIAN_POINT('Ctrl Pts',(34.2576163789001,-46.765035104343,4.98061152658933));
#4435=CARTESIAN_POINT('Ctrl Pts',(34.5461719391084,-46.9623321097247,4.89472459846768));
#4436=CARTESIAN_POINT('Ctrl Pts',(34.6869730699084,-47.0547937812951,4.82813817487212));
#4437=CARTESIAN_POINT('Ctrl Pts',(34.8954032202172,-47.1778192621152,4.68799898300148));
#4438=CARTESIAN_POINT('Ctrl Pts',(34.9839264778139,-47.2257783185272,4.61519407788546));
#4439=CARTESIAN_POINT('Ctrl Pts',(35.1444201176437,-47.2942012646324,4.44536753160038));
#4440=CARTESIAN_POINT('Ctrl Pts',(35.2163422473001,-47.3143299102493,4.34816543690618));
#4441=CARTESIAN_POINT('Ctrl Pts',(35.273018088723,-47.3143299102493,4.25));
#4442=CARTESIAN_POINT('Origin',(33.9739799830463,-150.795616976181,3.5));
#4443=CARTESIAN_POINT('Origin',(117.963742249489,-150.795616976181,3.5));
#4444=CARTESIAN_POINT('',(354.227237725557,-149.295616976181,3.5));
#4445=CARTESIAN_POINT('Origin',(354.227237725557,-150.795616976181,3.5));
#4446=CARTESIAN_POINT('',(117.963742249489,-149.295616976181,3.5));
#4447=CARTESIAN_POINT('Origin',(354.227237725557,-148.795616976181,3.5));
#4448=CARTESIAN_POINT('',(354.727237725557,-148.069074448176,4.5));
#4449=CARTESIAN_POINT('',(354.727237725557,-148.795616976181,3.5));
#4450=CARTESIAN_POINT('Ctrl Pts',(354.727237725557,-148.069074448176,4.49999999999999));
#4451=CARTESIAN_POINT('Ctrl Pts',(354.727237725557,-148.187622189118,4.39081638213707));
#4452=CARTESIAN_POINT('Ctrl Pts',(354.727237725557,-148.298013127065,4.26468711454942));
#4453=CARTESIAN_POINT('Ctrl Pts',(354.727237725557,-148.549791227709,3.92614270545487));
#4454=CARTESIAN_POINT('Ctrl Pts',(354.727237725557,-148.678616673992,3.70265046789181));
#4455=CARTESIAN_POINT('Ctrl Pts',(354.727237725557,-148.795616976181,3.5));
#4456=CARTESIAN_POINT('Origin',(354.227237725557,-148.795616976181,3.5));
#4457=CARTESIAN_POINT('',(355.227237725557,-147.46912274227,4.96123744425497));
#4458=CARTESIAN_POINT('Ctrl Pts',(355.875040971381,-147.662151289426,5.));
#4459=CARTESIAN_POINT('Ctrl Pts',(355.873295645318,-147.661525751231,5.));
#4460=CARTESIAN_POINT('Ctrl Pts',(355.871550085512,-147.660900867772,4.99999882610669));
#4461=CARTESIAN_POINT('Ctrl Pts',(355.658162040995,-147.584601993964,4.99971275723312));
#4462=CARTESIAN_POINT('Ctrl Pts',(355.446035528758,-147.519712466705,4.98240931815726));
#4463=CARTESIAN_POINT('Ctrl Pts',(355.227237725557,-147.46912274227,4.96123744425497));
#4464=CARTESIAN_POINT('',(354.844432915876,-147.662151289426,4.82165272839759));
#4465=CARTESIAN_POINT('Ctrl Pts',(355.227237725557,-147.46912274227,4.96123744425496));
#4466=CARTESIAN_POINT('Ctrl Pts',(355.217466491498,-147.466863468954,4.96029193505731));
#4467=CARTESIAN_POINT('Ctrl Pts',(355.207382818386,-147.465122002432,4.95920576467048));
#4468=CARTESIAN_POINT('Ctrl Pts',(355.175220255531,-147.461070038605,4.95542251417629));
#4469=CARTESIAN_POINT('Ctrl Pts',(355.147390452577,-147.461096733292,4.95138745163502));
#4470=CARTESIAN_POINT('Ctrl Pts',(355.087974845566,-147.467985650036,4.94079207253021));
#4471=CARTESIAN_POINT('Ctrl Pts',(355.046200807011,-147.480726919139,4.93093262635554));
#4472=CARTESIAN_POINT('Ctrl Pts',(354.958245049435,-147.523389626077,4.90314392158045));
#4473=CARTESIAN_POINT('Ctrl Pts',(354.90392817268,-147.570971860462,4.875891108277));
#4474=CARTESIAN_POINT('Ctrl Pts',(354.861207562124,-147.631892258155,4.83977133966714));
#4475=CARTESIAN_POINT('Ctrl Pts',(354.852259483657,-147.64665330776,4.83096727021574));
#4476=CARTESIAN_POINT('Ctrl Pts',(354.844432915876,-147.662151289426,4.82165272839759));
#4477=CARTESIAN_POINT('Ctrl Pts',(354.844432915876,-147.662151289426,4.82165272839757));
#4478=CARTESIAN_POINT('Ctrl Pts',(354.799750564561,-147.750630209042,4.76847544283037));
#4479=CARTESIAN_POINT('Ctrl Pts',(354.765147865274,-147.835866070872,4.70488957438854));
#4480=CARTESIAN_POINT('Ctrl Pts',(354.733451114395,-147.970603201912,4.59036537559868));
#4481=CARTESIAN_POINT('Ctrl Pts',(354.727237725557,-148.019574185775,4.54559022121441));
#4482=CARTESIAN_POINT('Ctrl Pts',(354.727237725557,-148.069074448176,4.50000000000002));
#4483=CARTESIAN_POINT('Origin',(35.4739799830464,-149.295616976181,-10.));
#4484=CARTESIAN_POINT('',(35.4739799830464,-149.295616976181,-10.));
#4485=CARTESIAN_POINT('',(35.4739799830464,-149.295616976181,-5.));
#4486=CARTESIAN_POINT('',(35.4739799830464,-49.8143299102493,-10.));
#4487=CARTESIAN_POINT('',(35.4739799830464,-122.496012545422,-10.));
#4488=CARTESIAN_POINT('',(35.4739799830464,-47.3143299102493,-7.5));
#4489=CARTESIAN_POINT('Origin',(35.4739799830464,-49.8143299102493,-7.5));
#4490=CARTESIAN_POINT('',(35.4739799830464,-47.3143299102493,-10.));
#4491=CARTESIAN_POINT('Origin',(32.3371902221324,-149.295616976181,0.));
#4492=CARTESIAN_POINT('',(354.227237725557,-149.295616976181,0.));
#4493=CARTESIAN_POINT('',(354.227237725557,-149.295616976181,-5.));
#4494=CARTESIAN_POINT('',(349.124587345439,-149.295616976181,0.));
#4495=CARTESIAN_POINT('',(196.613879623059,-149.295616976181,0.));
#4496=CARTESIAN_POINT('',(344.794460326517,-149.295616976181,-2.5));
#4497=CARTESIAN_POINT('Ctrl Pts',(349.124587345439,-149.295616976181,4.93038065763132E-31));
#4498=CARTESIAN_POINT('Ctrl Pts',(348.805990568095,-149.295616976181,-2.22839491000886E-15));
#4499=CARTESIAN_POINT('Ctrl Pts',(348.461837891341,-149.295616976181,-0.048635820328492));
#4500=CARTESIAN_POINT('Ctrl Pts',(347.796813994206,-149.295616976181,-0.236452827141973));
#4501=CARTESIAN_POINT('Ctrl Pts',(347.475741969749,-149.295616976181,-0.374922277062));
#4502=CARTESIAN_POINT('Ctrl Pts',(346.763857968565,-149.295616976181,-0.758066381953885));
#4503=CARTESIAN_POINT('Ctrl Pts',(346.331601479394,-149.295616976181,-1.07234692069186));
#4504=CARTESIAN_POINT('Ctrl Pts',(345.521398666471,-149.295616976181,-1.77164753160986));
#4505=CARTESIAN_POINT('Ctrl Pts',(345.140833104118,-149.295616976181,-2.1536272223988));
#4506=CARTESIAN_POINT('Ctrl Pts',(344.794460326517,-149.295616976181,-2.5));
#4507=CARTESIAN_POINT('',(344.794460326517,-149.295616976181,-10.));
#4508=CARTESIAN_POINT('',(344.794460326517,-149.295616976181,-5.));
#4509=CARTESIAN_POINT('',(214.071552599379,-149.295616976181,-10.));
#4510=CARTESIAN_POINT('',(32.3371902221324,-149.295616976181,-10.));
#4511=CARTESIAN_POINT('',(214.071552599379,-149.295616976181,-2.5));
#4512=CARTESIAN_POINT('',(214.071552599379,-149.295616976181,-5.));
#4513=CARTESIAN_POINT('',(209.741425580457,-149.295616976181,0.));
#4514=CARTESIAN_POINT('Ctrl Pts',(214.071552599379,-149.295616976181,-2.5));
#4515=CARTESIAN_POINT('Ctrl Pts',(213.725179821778,-149.295616976181,-2.1536272223988));
#4516=CARTESIAN_POINT('Ctrl Pts',(213.344614259426,-149.295616976181,-1.77164753160987));
#4517=CARTESIAN_POINT('Ctrl Pts',(212.534411446502,-149.295616976181,-1.07234692069189));
#4518=CARTESIAN_POINT('Ctrl Pts',(212.102154957331,-149.295616976181,-0.758066381953889));
#4519=CARTESIAN_POINT('Ctrl Pts',(211.390270956147,-149.295616976181,-0.374922277061998));
#4520=CARTESIAN_POINT('Ctrl Pts',(211.06919893169,-149.295616976181,-0.236452827141951));
#4521=CARTESIAN_POINT('Ctrl Pts',(210.404175034555,-149.295616976181,-0.0486358203284679));
#4522=CARTESIAN_POINT('Ctrl Pts',(210.060022357802,-149.295616976181,1.13188312889342E-15));
#4523=CARTESIAN_POINT('Ctrl Pts',(209.741425580457,-149.295616976181,1.23259516440783E-31));
#4524=CARTESIAN_POINT('',(180.611985369481,-149.295616976181,0.));
#4525=CARTESIAN_POINT('',(113.756947848551,-149.295616976181,0.));
#4526=CARTESIAN_POINT('',(176.281858350559,-149.295616976181,-2.5));
#4527=CARTESIAN_POINT('Ctrl Pts',(180.611985369481,-149.295616976181,-4.93038065763132E-31));
#4528=CARTESIAN_POINT('Ctrl Pts',(180.293388592137,-149.295616976181,1.82162441056287E-15));
#4529=CARTESIAN_POINT('Ctrl Pts',(179.949235915383,-149.295616976181,-0.0486358203284679));
#4530=CARTESIAN_POINT('Ctrl Pts',(179.284212018248,-149.295616976181,-0.236452827141951));
#4531=CARTESIAN_POINT('Ctrl Pts',(178.963139993791,-149.295616976181,-0.374922277061998));
#4532=CARTESIAN_POINT('Ctrl Pts',(178.251255992607,-149.295616976181,-0.758066381953889));
#4533=CARTESIAN_POINT('Ctrl Pts',(177.818999503436,-149.295616976181,-1.07234692069189));
#4534=CARTESIAN_POINT('Ctrl Pts',(177.008796690512,-149.295616976181,-1.77164753160988));
#4535=CARTESIAN_POINT('Ctrl Pts',(176.62823112816,-149.295616976181,-2.15362722239881));
#4536=CARTESIAN_POINT('Ctrl Pts',(176.281858350559,-149.295616976181,-2.5));
#4537=CARTESIAN_POINT('',(176.281858350559,-149.295616976181,-10.));
#4538=CARTESIAN_POINT('',(176.281858350559,-149.295616976181,-5.));
#4539=CARTESIAN_POINT('',(32.3371902221324,-149.295616976181,-10.));
#4540=CARTESIAN_POINT('Origin',(354.227237725557,-148.795616976181,-5.));
#4541=CARTESIAN_POINT('',(354.727237725557,-148.795616976181,0.5));
#4542=CARTESIAN_POINT('',(354.727237725557,-148.795616976181,-5.));
#4543=CARTESIAN_POINT('Origin',(354.227237725557,-148.795616976181,0.5));
#4544=CARTESIAN_POINT('Origin',(354.727237725557,-147.162151289426,-10.));
#4545=CARTESIAN_POINT('',(354.727237725557,-147.662151289426,4.5));
#4546=CARTESIAN_POINT('',(354.727237725557,-121.429279702044,4.5));
#4547=CARTESIAN_POINT('',(354.727237725557,-147.662151289426,0.5));
#4548=CARTESIAN_POINT('',(354.727237725557,-147.662151289426,-10.));
#4549=CARTESIAN_POINT('',(354.727237725557,-136.916206563357,0.5));
#4550=CARTESIAN_POINT('Origin',(355.227237725557,-121.429279702044,4.5));
#4551=CARTESIAN_POINT('Origin',(355.227237725557,-147.662151289426,4.5));
#4552=CARTESIAN_POINT('Origin',(355.227237725557,-147.662151289426,4.5));
#4553=CARTESIAN_POINT('',(355.227237725557,-147.162151289426,4.5));
#4554=CARTESIAN_POINT('Origin',(355.227237725557,-147.662151289426,4.5));
#4555=CARTESIAN_POINT('Origin',(355.227237725557,-147.662151289426,4.5));
#4556=CARTESIAN_POINT('Origin',(119.532137129946,-49.8143299102493,-7.5));
#4557=CARTESIAN_POINT('',(52.8304429371061,-49.8143299102493,-10.));
#4558=CARTESIAN_POINT('',(119.532137129946,-49.8143299102493,-10.));
#4559=CARTESIAN_POINT('',(52.8304429371061,-47.3143299102493,-7.5));
#4560=CARTESIAN_POINT('Origin',(52.8304429371061,-49.8143299102493,-7.5));
#4561=CARTESIAN_POINT('',(119.532137129946,-47.3143299102493,-7.5));
#4562=CARTESIAN_POINT('Origin',(52.8304429371061,-46.5643299102493,-7.5));
#4563=CARTESIAN_POINT('',(53.5804429371061,-46.5643299102493,-7.5));
#4564=CARTESIAN_POINT('',(53.5804429371061,-45.306284281658,-9.25));
#4565=CARTESIAN_POINT('Ctrl Pts',(53.5804429371061,-46.5643299102493,-7.5));
#4566=CARTESIAN_POINT('Ctrl Pts',(53.5804429371061,-46.3798126630554,-7.83688086178959));
#4567=CARTESIAN_POINT('Ctrl Pts',(53.5804429371061,-46.1765023625425,-8.20842598784228));
#4568=CARTESIAN_POINT('Ctrl Pts',(53.5804429371061,-45.7467335710522,-8.80806392052581));
#4569=CARTESIAN_POINT('Ctrl Pts',(53.5804429371061,-45.5353858298758,-9.04923883066489));
#4570=CARTESIAN_POINT('Ctrl Pts',(53.5804429371061,-45.306284281658,-9.25));
#4571=CARTESIAN_POINT('Origin',(52.8304429371061,-46.5643299102493,-7.5));
#4572=CARTESIAN_POINT('Origin',(52.8304429371061,-46.5643299102493,-10.));
#4573=CARTESIAN_POINT('Ctrl Pts',(53.5804429371061,-45.306284281658,-9.25));
#4574=CARTESIAN_POINT('Ctrl Pts',(53.5804429371061,-45.1250794180677,-9.40878941275855));
#4575=CARTESIAN_POINT('Ctrl Pts',(53.6305138765379,-44.9376988546522,-9.56293569912031));
#4576=CARTESIAN_POINT('Ctrl Pts',(53.8112255584252,-44.5229844845152,-9.81102730606078));
#4577=CARTESIAN_POINT('Ctrl Pts',(53.9278754200322,-44.318417399149,-9.89763880793808));
#4578=CARTESIAN_POINT('Ctrl Pts',(54.056155832836,-44.1104497055082,-9.94804482981476));
#4579=CARTESIAN_POINT('Origin',(35.4739799830464,-47.3143299102493,-10.));
#4580=CARTESIAN_POINT('',(52.8304429371061,-47.3143299102493,4.25));
#4581=CARTESIAN_POINT('',(52.8304429371061,-47.3143299102493,-10.));
#4582=CARTESIAN_POINT('',(119.532137129946,-47.3143299102493,4.25));
#4583=CARTESIAN_POINT('Origin',(52.8304429371061,-46.5643299102493,-10.));
#4584=CARTESIAN_POINT('',(53.5804429371061,-46.5643299102493,-10.));
#4585=CARTESIAN_POINT('Origin',(52.8304429371061,-46.5643299102493,4.25));
#4586=CARTESIAN_POINT('Origin',(53.5804429371061,-47.3143299102493,-10.));
#4587=CARTESIAN_POINT('',(53.5804429371061,-71.5053690124562,-9.25));
#4588=CARTESIAN_POINT('Origin',(52.8304429371061,-46.5643299102493,4.25));
#4589=CARTESIAN_POINT('Origin',(52.8304429371061,-46.5643299102493,4.25));
#4590=CARTESIAN_POINT('Origin',(119.532137129946,-46.5643299102493,4.25));
#4591=CARTESIAN_POINT('Origin',(54.3304429371061,-71.5053690124562,-9.25));
#4592=CARTESIAN_POINT('Origin',(203.590294276845,-95.696408114663,-10.));
#4593=CARTESIAN_POINT('',(176.281858350559,-128.695123289804,-10.));
#4594=CARTESIAN_POINT('',(176.281858350559,-110.945765702233,-10.));
#4595=CARTESIAN_POINT('',(181.281858350559,-123.695123289804,-10.));
#4596=CARTESIAN_POINT('Origin',(181.281858350559,-128.695123289804,-10.));
#4597=CARTESIAN_POINT('',(209.071552599379,-123.695123289804,-10.));
#4598=CARTESIAN_POINT('',(207.580923438112,-123.695123289804,-10.));
#4599=CARTESIAN_POINT('',(214.071552599379,-128.695123289804,-10.));
#4600=CARTESIAN_POINT('Origin',(209.071552599379,-128.695123289804,-10.));
#4601=CARTESIAN_POINT('',(214.071552599379,-122.496012545422,-10.));
#4602=CARTESIAN_POINT('',(344.794460326517,-106.544906698393,-10.));
#4603=CARTESIAN_POINT('',(344.794460326517,-99.8706574065282,-10.));
#4604=CARTESIAN_POINT('',(349.794460326517,-101.544906698393,-10.));
#4605=CARTESIAN_POINT('Origin',(349.794460326517,-106.544906698393,-10.));
#4606=CARTESIAN_POINT('',(289.038485999149,-101.544906698393,-10.));
#4607=CARTESIAN_POINT('Origin',(355.227237725557,-147.662151289426,0.5));
#4608=CARTESIAN_POINT('',(355.227237725557,-146.662151289426,0.));
#4609=CARTESIAN_POINT('',(354.227237725557,-147.662151289426,0.));
#4610=CARTESIAN_POINT('Origin',(355.227237725557,-147.662151289426,0.));
#4611=CARTESIAN_POINT('Origin',(354.227237725557,-147.662151289426,0.5));
#4612=CARTESIAN_POINT('',(355.227237725557,-147.162151289426,0.5));
#4613=CARTESIAN_POINT('Origin',(355.227237725557,-147.662151289426,0.5));
#4614=CARTESIAN_POINT('Origin',(355.227237725557,-146.662151289426,0.5));
#4615=CARTESIAN_POINT('Origin',(354.227237725557,-136.916206563357,0.5));
#4616=CARTESIAN_POINT('',(354.227237725557,-136.916206563357,0.));
#4617=CARTESIAN_POINT('Origin',(355.227237725557,-147.662151289426,-10.));
#4618=CARTESIAN_POINT('',(355.227237725557,-147.162151289426,-10.));
#4619=CARTESIAN_POINT('Origin',(287.724494643835,-147.662151289426,4.5));
#4620=CARTESIAN_POINT('',(372.240661022075,-147.162151289426,4.5));
#4621=CARTESIAN_POINT('Ctrl Pts',(372.240661022075,-147.162151289426,4.5));
#4622=CARTESIAN_POINT('Ctrl Pts',(372.315372363816,-147.162151289426,4.5835298194118));
#4623=CARTESIAN_POINT('Ctrl Pts',(372.397299645276,-147.182135095255,4.65644278168803));
#4624=CARTESIAN_POINT('Ctrl Pts',(372.572703358168,-147.243471948996,4.78213028644131));
#4625=CARTESIAN_POINT('Ctrl Pts',(372.666135606806,-147.285301166236,4.83473359945094));
#4626=CARTESIAN_POINT('Ctrl Pts',(372.95686594788,-147.429381755449,4.96052278992348));
#4627=CARTESIAN_POINT('Ctrl Pts',(373.164589251129,-147.550084276814,5.));
#4628=CARTESIAN_POINT('Ctrl Pts',(373.358695010825,-147.662151289426,5.));
#4629=CARTESIAN_POINT('',(287.724494643835,-147.162151289426,4.5));
#4630=CARTESIAN_POINT('Origin',(366.374632017405,-146.662151289426,0.5));
#4631=CARTESIAN_POINT('',(371.858695010825,-146.662151289426,0.));
#4632=CARTESIAN_POINT('',(371.858695010825,-147.162151289426,0.5));
#4633=CARTESIAN_POINT('Origin',(371.858695010825,-146.662151289426,0.5));
#4634=CARTESIAN_POINT('',(366.374632017405,-146.662151289426,0.));
#4635=CARTESIAN_POINT('',(366.374632017405,-147.162151289426,0.5));
#4636=CARTESIAN_POINT('Origin',(360.890569023985,-126.670261837287,0.));
#4637=CARTESIAN_POINT('',(371.858695010825,-120.085888175681,0.));
#4638=CARTESIAN_POINT('',(371.986677721453,-106.544906698393,0.));
#4639=CARTESIAN_POINT('Origin',(371.986677721453,-101.544906698393,0.));
#4640=CARTESIAN_POINT('',(349.794460326517,-106.544906698393,0.));
#4641=CARTESIAN_POINT('',(367.688623372719,-106.544906698393,0.));
#4642=CARTESIAN_POINT('',(349.794460326517,-146.795616976181,0.));
#4643=CARTESIAN_POINT('',(349.794460326517,-115.35758426784,0.));
#4644=CARTESIAN_POINT('Origin',(344.794460326517,-146.795616976181,0.));
#4645=CARTESIAN_POINT('Origin',(371.858695010825,-113.501514514075,-10.));
#4646=CARTESIAN_POINT('',(371.858695010825,-147.162151289426,3.5));
#4647=CARTESIAN_POINT('',(371.858695010825,-147.162151289426,-10.));
#4648=CARTESIAN_POINT('',(371.858695010825,-104.598961314369,3.5));
#4649=CARTESIAN_POINT('Origin',(371.858695010825,-147.162151289426,-10.));
#4650=CARTESIAN_POINT('Origin',(373.358695010825,-147.162151289426,3.5));
#4651=CARTESIAN_POINT('Origin',(373.358695010825,-104.598961314369,3.5));
#4652=CARTESIAN_POINT('Origin',(349.794460326517,-106.544906698393,-2.5));
#4653=CARTESIAN_POINT('',(349.794460326517,-104.044906698393,-2.5));
#4654=CARTESIAN_POINT('Origin',(349.794460326517,-106.544906698393,-2.5));
#4655=CARTESIAN_POINT('',(347.294460326517,-106.544906698393,-2.5));
#4656=CARTESIAN_POINT('Origin',(349.794460326517,-106.544906698393,-2.5));
#4657=CARTESIAN_POINT('Origin',(349.794460326517,-106.544906698393,-2.5));
#4658=CARTESIAN_POINT('Origin',(349.794460326517,-106.544906698393,-7.5));
#4659=CARTESIAN_POINT('',(349.794460326517,-104.044906698393,-7.5));
#4660=CARTESIAN_POINT('',(347.294460326517,-106.544906698393,-7.5));
#4661=CARTESIAN_POINT('Origin',(349.794460326517,-106.544906698393,-7.5));
#4662=CARTESIAN_POINT('Origin',(349.794460326517,-101.544906698393,-7.5));
#4663=CARTESIAN_POINT('Origin',(344.794460326517,-106.544906698393,-7.5));
#4664=CARTESIAN_POINT('Origin',(289.038485999149,-101.544906698393,-7.5));
#4665=CARTESIAN_POINT('',(371.986677721453,-104.044906698393,-7.5));
#4666=CARTESIAN_POINT('Origin',(371.986677721453,-101.544906698393,-7.5));
#4667=CARTESIAN_POINT('',(289.038485999149,-104.044906698393,-7.5));
#4668=CARTESIAN_POINT('Origin',(344.794460326517,-99.8706574065282,-7.5));
#4669=CARTESIAN_POINT('',(347.294460326517,-146.795616976181,-7.5));
#4670=CARTESIAN_POINT('Origin',(344.794460326517,-146.795616976181,-7.5));
#4671=CARTESIAN_POINT('',(347.294460326517,-99.8706574065282,-7.5));
#4672=CARTESIAN_POINT('Origin',(349.794460326517,-106.544906698393,-10.));
#4673=CARTESIAN_POINT('',(349.794460326517,-104.044906698393,-10.));
#4674=CARTESIAN_POINT('',(347.294460326517,-106.544906698393,-10.));
#4675=CARTESIAN_POINT('Origin',(349.794460326517,-115.35758426784,-2.5));
#4676=CARTESIAN_POINT('',(347.294460326517,-146.795616976181,-2.5));
#4677=CARTESIAN_POINT('Origin',(349.794460326517,-146.795616976181,-2.5));
#4678=CARTESIAN_POINT('',(347.294460326517,-115.35758426784,-2.5));
#4679=CARTESIAN_POINT('Origin',(344.794460326517,-146.795616976181,-2.5));
#4680=CARTESIAN_POINT('Origin',(344.794460326517,-146.795616976181,-2.5));
#4681=CARTESIAN_POINT('Origin',(367.688623372719,-106.544906698393,-2.5));
#4682=CARTESIAN_POINT('',(371.986677721453,-104.044906698393,-2.5));
#4683=CARTESIAN_POINT('Origin',(371.986677721453,-106.544906698393,-2.5));
#4684=CARTESIAN_POINT('',(367.688623372719,-104.044906698393,-2.5));
#4685=CARTESIAN_POINT('Origin',(371.986677721453,-101.544906698393,-2.5));
#4686=CARTESIAN_POINT('Origin',(371.986677721453,-101.544906698393,-2.5));
#4687=CARTESIAN_POINT('Origin',(344.794460326517,-146.795616976181,-5.));
#4688=CARTESIAN_POINT('',(347.294460326517,-146.795616976181,-5.));
#4689=CARTESIAN_POINT('Origin',(374.486677721453,-104.044906698393,-10.));
#4690=CARTESIAN_POINT('',(371.986677721453,-104.044906698393,-5.));
#4691=CARTESIAN_POINT('Origin',(371.986677721453,-101.544906698393,-5.));
#4692=CARTESIAN_POINT('Origin',(181.281858350559,-128.695123289804,-7.5));
#4693=CARTESIAN_POINT('',(178.781858350559,-128.695123289804,-7.5));
#4694=CARTESIAN_POINT('Origin',(176.281858350559,-128.695123289804,-7.5));
#4695=CARTESIAN_POINT('',(181.281858350559,-126.195123289804,-7.5));
#4696=CARTESIAN_POINT('Origin',(181.281858350559,-128.695123289804,-7.5));
#4697=CARTESIAN_POINT('Origin',(181.281858350559,-123.695123289804,-7.5));
#4698=CARTESIAN_POINT('Origin',(176.281858350559,-110.945765702233,-7.5));
#4699=CARTESIAN_POINT('',(178.781858350559,-146.795616976181,-7.5));
#4700=CARTESIAN_POINT('Origin',(176.281858350559,-146.795616976181,-7.5));
#4701=CARTESIAN_POINT('',(178.781858350559,-110.945765702233,-7.5));
#4702=CARTESIAN_POINT('Origin',(209.071552599379,-128.695123289804,-7.5));
#4703=CARTESIAN_POINT('',(209.071552599379,-126.195123289804,-7.5));
#4704=CARTESIAN_POINT('Origin',(209.071552599379,-123.695123289804,-7.5));
#4705=CARTESIAN_POINT('',(211.571552599379,-128.695123289804,-7.5));
#4706=CARTESIAN_POINT('Origin',(209.071552599379,-128.695123289804,-7.5));
#4707=CARTESIAN_POINT('Origin',(214.071552599379,-128.695123289804,-7.5));
#4708=CARTESIAN_POINT('Origin',(207.580923438112,-123.695123289804,-7.5));
#4709=CARTESIAN_POINT('',(207.580923438112,-126.195123289804,-7.5));
#4710=CARTESIAN_POINT('Origin',(181.281858350559,-128.695123289804,-2.5));
#4711=CARTESIAN_POINT('',(181.281858350559,-126.195123289804,-2.5));
#4712=CARTESIAN_POINT('',(181.281858350559,-128.695123289804,0.));
#4713=CARTESIAN_POINT('Origin',(181.281858350559,-128.695123289804,-2.5));
#4714=CARTESIAN_POINT('',(178.781858350559,-128.695123289804,-2.5));
#4715=CARTESIAN_POINT('Origin',(181.281858350559,-128.695123289804,-2.5));
#4716=CARTESIAN_POINT('Origin',(181.281858350559,-128.695123289804,-2.5));
#4717=CARTESIAN_POINT('Origin',(181.281858350559,-128.695123289804,-10.));
#4718=CARTESIAN_POINT('',(181.281858350559,-126.195123289804,-10.));
#4719=CARTESIAN_POINT('',(178.781858350559,-128.695123289804,-10.));
#4720=CARTESIAN_POINT('Origin',(181.281858350559,-131.970246711398,-2.5));
#4721=CARTESIAN_POINT('',(178.781858350559,-146.795616976181,-2.5));
#4722=CARTESIAN_POINT('',(181.281858350559,-146.795616976181,0.));
#4723=CARTESIAN_POINT('Origin',(181.281858350559,-146.795616976181,-2.5));
#4724=CARTESIAN_POINT('',(181.281858350559,-131.970246711398,0.));
#4725=CARTESIAN_POINT('',(178.781858350559,-131.970246711398,-2.5));
#4726=CARTESIAN_POINT('Origin',(176.281858350559,-146.795616976181,-2.5));
#4727=CARTESIAN_POINT('Origin',(176.281858350559,-146.795616976181,0.));
#4728=CARTESIAN_POINT('Origin',(176.281858350559,-146.795616976181,-2.5));
#4729=CARTESIAN_POINT('Origin',(209.071552599379,-128.695123289804,-2.5));
#4730=CARTESIAN_POINT('',(211.571552599379,-128.695123289804,-2.5));
#4731=CARTESIAN_POINT('',(209.071552599379,-128.695123289804,0.));
#4732=CARTESIAN_POINT('Origin',(209.071552599379,-128.695123289804,-2.5));
#4733=CARTESIAN_POINT('',(209.071552599379,-126.195123289804,-2.5));
#4734=CARTESIAN_POINT('Origin',(209.071552599379,-128.695123289804,-2.5));
#4735=CARTESIAN_POINT('Origin',(209.071552599379,-128.695123289804,-2.5));
#4736=CARTESIAN_POINT('Origin',(209.071552599379,-128.695123289804,-10.));
#4737=CARTESIAN_POINT('',(211.571552599379,-128.695123289804,-10.));
#4738=CARTESIAN_POINT('',(209.071552599379,-126.195123289804,-10.));
#4739=CARTESIAN_POINT('Origin',(203.374129037174,-128.695123289804,-2.5));
#4740=CARTESIAN_POINT('',(203.374129037174,-128.695123289804,0.));
#4741=CARTESIAN_POINT('',(203.374129037174,-126.195123289804,-2.5));
#4742=CARTESIAN_POINT('Origin',(209.071552599379,-143.520493554587,-2.5));
#4743=CARTESIAN_POINT('',(209.071552599379,-146.795616976181,0.));
#4744=CARTESIAN_POINT('',(211.571552599379,-146.795616976181,-2.5));
#4745=CARTESIAN_POINT('Origin',(209.071552599379,-146.795616976181,-2.5));
#4746=CARTESIAN_POINT('',(211.571552599379,-143.520493554587,-2.5));
#4747=CARTESIAN_POINT('',(209.071552599379,-143.520493554587,0.));
#4748=CARTESIAN_POINT('Origin',(214.071552599379,-146.795616976181,-2.5));
#4749=CARTESIAN_POINT('Origin',(214.071552599379,-146.795616976181,-2.5));
#4750=CARTESIAN_POINT('Origin',(214.071552599379,-146.795616976181,0.));
#4751=CARTESIAN_POINT('Origin',(214.071552599379,-122.496012545422,-7.5));
#4752=CARTESIAN_POINT('',(211.571552599379,-146.795616976181,-7.5));
#4753=CARTESIAN_POINT('Origin',(214.071552599379,-146.795616976181,-7.5));
#4754=CARTESIAN_POINT('',(211.571552599379,-122.496012545422,-7.5));
#4755=CARTESIAN_POINT('Origin',(178.781858350559,-126.195123289804,-10.));
#4756=CARTESIAN_POINT('',(178.781858350559,-146.795616976181,-5.));
#4757=CARTESIAN_POINT('Origin',(176.281858350559,-146.795616976181,-5.));
#4758=CARTESIAN_POINT('Origin',(211.571552599379,-126.195123289804,-10.));
#4759=CARTESIAN_POINT('Origin',(214.071552599379,-146.795616976181,-5.));
#4760=CARTESIAN_POINT('',(211.571552599379,-146.795616976181,-5.));
#4761=CARTESIAN_POINT('Origin',(211.571552599379,-149.295616976181,-10.));
#4762=CARTESIAN_POINT('Origin',(195.176705474969,-137.745370132992,0.));
#4763=CARTESIAN_POINT('Origin',(347.294460326517,-104.044906698393,-10.));
#4764=CARTESIAN_POINT('Origin',(203.590294276845,-95.696408114663,-12.));
#4765=CARTESIAN_POINT('',(27.5403103738394,-37.8561728529632,-12.));
#4766=CARTESIAN_POINT('',(27.5403103738394,-154.536643376363,-12.));
#4767=CARTESIAN_POINT('',(28.5403103738394,-36.8561728529632,-12.));
#4768=CARTESIAN_POINT('Origin',(28.5403103738394,-37.8561728529632,-12.));
#4769=CARTESIAN_POINT('',(378.640278179851,-36.8561728529632,-12.));
#4770=CARTESIAN_POINT('',(27.5403103738394,-36.8561728529632,-12.));
#4771=CARTESIAN_POINT('Origin',(378.640278179851,-37.8561728529632,-12.));
#4772=CARTESIAN_POINT('Origin',(28.5403103738394,-37.8561728529632,0.));
#4773=CARTESIAN_POINT('',(28.5403103738394,-36.8561728529632,0.));
#4774=CARTESIAN_POINT('',(27.5403103738394,-37.8561728529632,0.));
#4775=CARTESIAN_POINT('Origin',(27.5403103738394,-36.8561728529632,0.));
#4776=CARTESIAN_POINT('',(378.640278179851,-36.8561728529632,0.));
#4777=CARTESIAN_POINT('Origin',(378.640278179851,-37.8561728529632,0.));
#4778=CARTESIAN_POINT('Origin',(27.5403103738394,-154.536643376363,0.));
#4779=UNCERTAINTY_MEASURE_WITH_UNIT(LENGTH_MEASURE(0.01),#4783,
'DISTANCE_ACCURACY_VALUE',
'Maximum model space distance between geometric entities at asserted c
onnectivities');
#4780=UNCERTAINTY_MEASURE_WITH_UNIT(LENGTH_MEASURE(0.01),#4783,
'DISTANCE_ACCURACY_VALUE',
'Maximum model space distance between geometric entities at asserted c
onnectivities');
#4781=(
GEOMETRIC_REPRESENTATION_CONTEXT(3)
GLOBAL_UNCERTAINTY_ASSIGNED_CONTEXT((#4779))
GLOBAL_UNIT_ASSIGNED_CONTEXT((#4783,#4784,#4785))
REPRESENTATION_CONTEXT('','3D')
);
#4782=(
GEOMETRIC_REPRESENTATION_CONTEXT(3)
GLOBAL_UNCERTAINTY_ASSIGNED_CONTEXT((#4780))
GLOBAL_UNIT_ASSIGNED_CONTEXT((#4783,#4784,#4785))
REPRESENTATION_CONTEXT('','3D')
);
#4783=(
LENGTH_UNIT()
NAMED_UNIT(*)
SI_UNIT(.MILLI.,.METRE.)
);
#4784=(
NAMED_UNIT(*)
PLANE_ANGLE_UNIT()
SI_UNIT($,.RADIAN.)
);
#4785=(
NAMED_UNIT(*)
SI_UNIT($,.STERADIAN.)
SOLID_ANGLE_UNIT()
);
#4786=SHAPE_DEFINITION_REPRESENTATION(#4787,#4788);
#4787=PRODUCT_DEFINITION_SHAPE('',$,#4790);
#4788=SHAPE_REPRESENTATION('',(#2476),#4781);
#4789=PRODUCT_DEFINITION_CONTEXT('part definition',#4794,'design');
#4790=PRODUCT_DEFINITION('keyboard final assembly',
'keyboard final assembly',#4791,#4789);
#4791=PRODUCT_DEFINITION_FORMATION('',$,#4796);
#4792=PRODUCT_RELATED_PRODUCT_CATEGORY('keyboard final assembly',
'keyboard final assembly',(#4796));
#4793=APPLICATION_PROTOCOL_DEFINITION('international standard',
'automotive_design',2009,#4794);
#4794=APPLICATION_CONTEXT(
'Core Data for Automotive Mechanical Design Process');
#4795=PRODUCT_CONTEXT('part definition',#4794,'mechanical');
#4796=PRODUCT('keyboard final assembly','keyboard final assembly',$,(#4795));
#4797=PRESENTATION_STYLE_ASSIGNMENT((#4798));
#4798=SURFACE_STYLE_USAGE(.BOTH.,#4799);
#4799=SURFACE_SIDE_STYLE('',(#4800));
#4800=SURFACE_STYLE_FILL_AREA(#4801);
#4801=FILL_AREA_STYLE('Steel - Satin',(#4802));
#4802=FILL_AREA_STYLE_COLOUR('Steel - Satin',#4803);
#4803=COLOUR_RGB('Steel - Satin',0.627450980392157,0.627450980392157,0.627450980392157);
ENDSEC;
END-ISO-10303-21;
